Date,Open,High,Low,Close,Volume
2019-01-02,222.48694856291044,227.21745187825937,222.4598149057745,226.2858123779297,126925200.0
2019-01-03,224.52201853897697,224.82955627143124,220.39753771872975,220.88597106933597,144140700.0
2019-01-04,223.9431497952931,228.93594902766336,223.56326484738307,228.2847137451172,142628800.0
2019-01-07,228.55612286003583,231.50476229107232,227.65163071293148,230.084716796875,103139100.0
2019-01-08,232.29164008713929,232.73483233043655,229.74096604415652,232.24639892578125,102512600.0
2019-01-09,232.96094210123965,234.1820117420944,231.72179255861127,233.331787109375,95006600.0
2019-01-10,231.78514246285744,234.40816389742625,231.0977196692672,234.1549072265625,96823900.0
2019-01-11,233.06947473557784,234.27246446442828,232.4815604995449,234.24533081054688,73858100.0
2019-01-14,232.327789761176,233.6302603815208,231.92078494413312,232.81622314453125,70908200.0
2019-01-15,233.19611831023883,235.80105951071687,233.1870645579208,235.48448181152344,85208300.0
2019-01-16,235.91862541295123,236.94975949513423,235.7106099283348,236.0543212890625,77636700.0
2019-01-17,235.17694976012888,238.71351643167625,235.13170860300124,237.84518432617188,96118400.0
2019-01-18,239.6722341321028,241.4812176342166,237.88133052796687,241.0108642578125,127900300.0
2019-01-22,239.5275696149508,239.74463885436364,236.12667098199367,237.75474548339844,115531200.0
2019-01-23,238.79492847360476,239.5004310902557,235.76487492152415,238.25222778320312,86030300.0
2019-01-24,238.0713212605368,238.96678707165532,237.0492409284232,238.37884521484372,59204100.0
2019-01-25,240.2421134927095,241.22803409044235,238.47837060583635,240.39588928222656,96883400.0
2019-01-28,238.23411380524777,238.6320648115237,236.78692137214503,238.5687713623047,85613700.0
2019-01-29,238.71352751048005,239.2833342523528,237.41105689467767,238.25222778320312,66136300.0
2019-01-30,239.78084893054395,242.87419629623588,239.01202516440063,242.0239715576172,92473700.0
2019-01-31,241.96062030829756,244.6379084187703,241.74352349730225,244.14947509765625,104012100.0
2019-02-01,244.3484908055802,245.2982238994061,243.4711325242056,244.26708984375,85782500.0
2019-02-04,244.31228026068476,246.04891675729692,243.6339113734441,245.985595703125,60744800.0
2019-02-05,246.4197252704354,247.3242169862708,245.91321211779928,247.0166931152344,79552800.0
2019-02-06,246.73629644419916,247.23375583375108,245.949393088448,246.6910552978516,58347800.0
2019-02-07,245.0630447803305,245.614771606116,242.6661466956256,244.33946228027344,95482000.0
2019-02-08,243.0821970292328,244.73740505349448,242.2500523397069,244.63792419433597,75788900.0
2019-02-11,245.29821084007085,245.56049361325915,244.239943186812,244.77359008789065,68021400.0
2019-02-12,246.40175503185085,248.3011663981024,246.3293802047522,247.9212951660156,72270200.0
2019-02-13,248.76244473464385,249.5764820503164,248.33733237159507,248.72625732421875,65277200.0
2019-02-14,247.6317531583125,249.3141221868437,246.808662343668,248.1744537353516,83234400.0
2019-02-15,249.9653910323308,250.9151241756912,249.7573755422165,250.87893676757807,97088700.0
2019-02-19,250.0739607150548,251.97337185261537,250.0649069620303,251.3131103515625,59120800.0
2019-02-20,251.2769860271372,252.28098676321983,250.77047258290335,251.81968688964844,76610800.0
2019-02-21,251.17738990672052,251.53918111479103,249.95632042694535,250.92413330078125,64214700.0
2019-02-22,251.5482357355041,252.67885064050975,250.9060541982737,252.4798889160156,78114600.0
2019-02-25,253.9180789801225,254.4426722565824,252.74222267999528,252.82362365722656,69030700.0
2019-02-26,252.4707377762872,253.5289774615436,252.2626947769712,252.64259338378903,56844100.0
2019-02-27,251.9191041438208,252.8869172171269,250.9784523295453,252.5341796875,56921600.0
2019-02-28,252.3171299964887,252.7603499332496,251.73826935665485,252.0638732910156,69268300.0
2019-03-01,253.65577521805787,254.05375396360452,252.1905023835038,253.6376953125,78880500.0
2019-03-04,254.7049507991981,254.94915370031003,250.3995600787464,252.71505737304688,106494600.0
2019-03-05,252.8417525267337,253.04074191108032,251.8196719436312,252.37139892578125,59114600.0
2019-03-06,252.48898634620173,252.49804010092672,250.5172000199077,250.84280395507807,75039800.0
2019-03-07,250.39049335334596,250.5352153771049,247.89411435148855,248.7443389892578,94885100.0
2019-03-08,246.8720388413359,248.4187123708308,246.4017129571415,248.24685668945312,85795800.0
2019-03-11,248.97046294685083,252.0095426489312,248.94332929247167,251.84674072265625,65098900.0
2019-03-12,252.4075380731377,253.3210838360617,252.21760247987325,252.7964630126953,79667500.0
2019-03-13,253.691922479354,255.4104517342664,253.529092943468,254.4697723388672,80639200.0
2019-03-14,254.4968813708823,254.9219936678052,253.86375360291132,254.30694580078125,67518400.0
2019-03-15,254.86389889458871,256.3810384918152,254.6730989474356,255.56341552734372,81309000.0
2019-03-18,255.78138013697227,256.78980280894024,255.55426116056776,256.489990234375,62199800.0
2019-03-19,257.5620421714422,258.33422459946627,255.65423700773349,256.5536193847656,90268100.0
2019-03-20,256.3355567719939,257.5529111201919,254.66396448531236,255.7813720703125,84609200.0
2019-03-21,254.95471615178448,259.0791772010998,254.9092757174122,258.6703796386719,79550400.0
2019-03-22,257.29854495549904,257.82544877759665,253.6282945645101,253.69189453125,122659300.0
2019-03-25,253.3466912943008,254.54588623793228,252.22928358615536,253.5011444091797,85575200.0
2019-03-26,255.27267126785503,256.35375996350456,253.9735571964404,255.39077758789065,68125900.0
2019-03-27,255.3816496580279,255.97218117889744,252.4927029191712,254.05528259277344,72224700.0
2019-03-28,254.6912267508691,255.472502725218,253.5283786957905,255.0182647705078,56238500.0
2019-03-29,256.54458325008136,256.95338086686195,255.40898810709504,256.6263427734375,82186800.0
2019-04-01,258.64309276635873,259.96945978133186,258.3705333691011,259.6696472167969,77617900.0
2019-04-02,259.8605360220584,260.0331487153683,258.99747255550886,259.79693603515625,40070400.0
2019-04-03,261.0233418834159,261.4230735580818,259.59702784992584,260.2057189941406,68243200.0
2019-04-04,260.5327333268747,261.15049032254257,259.8332168221759,260.8961181640625,48997500.0
2019-04-05,261.5683403236946,262.21335031913696,261.2776214407284,262.1588439941406,58621700.0
2019-04-08,261.7318531660325,262.46771626071967,261.06865592814506,262.35870361328125,53566300.0
2019-04-09,261.38666909416906,261.71370708794217,260.4600337206629,261.0141906738281,66142300.0
2019-04-10,261.4322071626097,261.99548574058014,261.01431583978905,261.9046325683594,52601500.0
2019-04-11,262.39509880268577,262.4041924341031,261.25950385495935,261.83184814453125,55093100.0
2019-04-12,263.4579730695208,263.8849577900265,261.87723410293734,263.60333251953125,69727800.0
2019-04-15,263.6760035793632,263.7759503326755,262.62216833937634,263.43072509765625,49596700.0
2019-04-16,264.32103614005786,264.3755424682517,263.0037351849182,263.60333251953125,52153200.0
2019-04-17,264.72991620906845,264.7571693816696,262.54048559514604,262.9584045410156,58268300.0
2019-04-18,263.54888989387865,263.7487557203927,262.2406822520571,263.4761962890625,68708500.0
2019-04-22,262.7040371265291,263.85779175358454,262.6131839747122,263.7033386230469,40160100.0
2019-04-23,264.07574396725005,266.3106144398442,263.8395591073564,266.07440185546875,52246600.0
2019-04-24,265.99272266490243,266.3288543829297,265.33861876986634,265.4839782714844,50392900.0
2019-04-25,265.3839735015602,265.9835709180462,264.1212064266683,265.32037353515625,57770900.0
2019-04-26,265.3658374133363,266.6286045998115,264.5845336593665,266.5559387207031,50916400.0
2019-04-29,266.6467778923857,267.50074748072143,266.55592475489544,266.97381591796875,57197700.0
2019-04-30,266.6286162438556,267.4008263999778,265.2023299737335,267.110107421875,81111700.0
2019-05-01,267.74596256695406,267.9549219612277,265.09320129293485,265.102294921875,71671900.0
2019-05-02,264.98432842699987,265.9109918844114,263.0220165297964,264.53009033203125,65030200.0
2019-05-03,266.01992305254674,267.4007964571772,264.6390219234317,267.1191711425781,56543700.0
2019-05-06,262.77672255163714,266.4651334488365,262.4587503588804,266.0199890136719,107198100.0
2019-05-07,263.5943019298056,264.1938994078152,259.65151947545775,261.5774841308594,144729900.0
2019-05-08,261.21405029296875,262.9401487986539,260.6144529274079,261.21405029296875,91568300.0
2019-05-09,259.12462253075154,261.0323999737638,257.3712427593684,260.4237365722656,103471100.0
2019-05-10,259.47884268818024,262.4949888716822,256.4626965046782,261.7318725585937,112429300.0
2019-05-13,256.57181968572,257.5438679940865,254.30969545581905,255.15457153320312,127290500.0
2019-05-14,256.1812033910596,259.0065788849186,256.0540311355147,257.462158203125,77003200.0
2019-05-15,255.8177712782737,259.61519456810805,255.60881180294717,258.9701843261719,73956400.0
2019-05-16,259.678750664903,262.7403100442406,259.60608479091053,261.3685302734375,76749600.0
2019-05-17,259.04294674700213,262.18626699739895,259.0247594772361,259.6788635253906,100353000.0
2019-05-20,258.0617721112501,259.7878715132829,257.207802182703,257.9618530273437,62877600.0
2019-05-21,259.66969081644834,260.6690199918842,259.4153186376545,260.2874755859375,46847100.0
2019-05-22,259.3244875642397,260.45098894228386,259.0065154165534,259.4880065917969,49482500.0
2019-05-23,257.2439875461465,257.2894002422392,254.89103876428416,256.3173522949219,98733800.0
2019-05-24,257.7710246410562,258.18894364905736,256.2720444761632,256.8988952636719,55268100.0
2019-05-28,257.18044288657813,258.1434251364081,254.4913619469293,254.509521484375,70029400.0
2019-05-29,253.38307375710764,253.79187136963853,251.3844152364328,252.8016357421875,104972900.0
2019-05-30,253.56470078695423,254.40960446337436,252.3836931804524,253.49203491210935,62523800.0
2019-05-31,250.9210143617261,251.7567965297545,250.0488576762011,250.07611083984372,86862800.0
2019-06-03,250.1125405085386,251.23904194501225,248.0957225572619,249.44027709960935,96428000.0
2019-06-04,251.75690563127048,254.9910784993359,251.30266755739052,254.8548126220703,77231900.0
2019-06-05,256.49000312688355,257.08960058166844,254.6639853174556,257.0623474121094,71169700.0
2019-06-06,257.3622589454688,259.41539653205257,256.7081549000934,258.7340393066406,69430400.0
2019-06-07,259.76057059782136,262.4133330696536,259.58795791688925,261.3231506347656,74272200.0
2019-06-10,262.8855709619971,264.2028716268186,262.4313331775033,262.5221862792969,60799100.0
2019-06-11,264.35739048327133,264.72986892528417,261.8045754491326,262.45867919921875,58641300.0
2019-06-12,262.2224802885782,262.7857308745849,261.4775234444159,261.995361328125,47096300.0
2019-06-13,262.9129885175682,263.43992020277284,262.20437823964835,263.0765075683594,48945200.0
2019-06-14,262.78570556640625,263.3943687960919,262.01349563033835,262.78570556640625,52324700.0
2019-06-17,263.02194699991384,263.6578912545552,262.7130685039264,262.8856811523437,39205700.0
2019-06-18,264.7208856512842,266.70135705673846,264.35747300208783,265.638427734375,85434800.0
2019-06-19,265.774583510431,266.77391243273365,264.79344184774914,266.2379150390625,78674400.0
2019-06-20,268.94522398526107,269.19050250728395,266.3015556832951,268.7816772460937,116570000.0
2019-06-21,268.50967195706096,269.7785808640298,268.1719054392203,268.3909912109375,83309500.0
2019-06-24,268.60092123114936,268.9204119740416,267.907112593114,268.06231689453125,47582700.0
2019-06-25,268.117139737388,268.14452545943897,265.3236846508583,265.4332275390625,82028700.0
2019-06-26,266.3369301829636,266.84814879707096,265.05888364769527,265.1684265136719,51584900.0
2019-06-27,265.9353124530248,266.6199833740757,265.5519123384617,266.1087646484375,40355200.0
2019-06-28,267.0946604309749,267.98016920994723,266.5743317393008,267.47808837890625,59350900.0
2019-07-01,270.8374837420539,271.05659732608285,268.6921764899057,269.9063415527344,78705600.0
2019-07-02,269.8607642106532,270.6641159306652,269.01177890354944,270.6093444824219,61504500.0
2019-07-03,271.2940034278664,272.7911639050872,271.14793695257663,272.7728881835937,40898900.0
2019-07-05,271.5313210910251,272.6268055491546,270.2258887442719,272.46246337890625,51677300.0
2019-07-08,271.138784202101,272.2799022422643,270.4175898001062,270.96533203125,45841800.0
2019-07-09,269.79683033328206,271.60434349273766,269.742058895682,271.3031005859375,41101300.0
2019-07-10,272.3804014801739,273.55804350560834,271.8417969220199,272.5994873046875,58448500.0
2019-07-11,273.2475716973165,273.4849053084425,272.2251343774055,273.2384338378906,50826100.0
2019-07-12,273.73142648718215,274.534778119614,273.4210456945298,274.46173095703125,40326000.0
2019-07-15,274.89997449800904,274.89997449800904,274.0418512855075,274.5530700683594,33900000.0
2019-07-16,274.46166352832904,274.67163924500625,273.35706923477267,273.6674499511719,36650100.0
2019-07-17,273.6401946518081,273.8045090165677,271.8052673339844,271.8052673339844,36036300.0
2019-07-18,271.30312989614964,273.183690415123,270.8558204876486,272.8002624511719,51392600.0
2019-07-19,273.9048844533056,273.9322701750195,271.1114294011653,271.2848815917969,58678600.0
2019-07-22,271.686546712474,272.4990362735076,271.16621796705414,271.9512939453125,43638100.0
2019-07-23,273.08329028682545,273.895751953125,272.2434150389452,273.895751953125,44564500.0
2019-07-24,273.1289097229459,275.18292236328125,273.0376147003984,275.18292236328125,47213200.0
2019-07-25,274.72643960464126,274.78121103922524,273.0558272718514,273.8683166503906,55394100.0
2019-07-26,274.5621898511457,275.9041460326029,274.434371234182,275.70330810546875,45084100.0
2019-07-29,275.5845692681706,275.7032499991006,274.64428913915225,275.2011413574219,38126500.0
2019-07-30,273.78622288579663,274.9364789970211,273.40279489561107,274.5256652832031,45849000.0
2019-07-31,274.7720882530767,274.96381614396387,269.4864495104931,271.5221862792969,104245200.0
2019-08-01,271.6773732847763,274.6625278804904,268.35442436634906,269.15777587890625,142646600.0
2019-08-02,268.25412667040007,268.5005982224464,265.5610760261016,267.1312561035156,116749700.0
2019-08-05,262.9957356979396,263.1052785648425,257.1806030188023,259.0976867675781,178745400.0
2019-08-06,261.0056923172392,262.9501622271994,259.5176696965906,262.7310485839844,120711700.0
2019-08-07,259.62716027591614,263.66216575851746,257.47274287694125,262.8861999511719,140572300.0
2019-08-08,264.39248953606767,268.0440673828125,263.8356372869165,268.0440673828125,87713900.0
2019-08-09,267.0946631642876,267.6971768833001,264.4198889393652,266.2182922363281,93730000.0
2019-08-12,264.7028952709344,266.20916570288966,262.0189830717425,262.9775390625,65527600.0
2019-08-13,262.6762406575812,268.52789743699776,262.32933630838943,267.0672607421875,94299800.0
2019-08-14,262.9775591807214,263.58918297329274,259.04298560757536,259.1707763671875,135622100.0
2019-08-15,260.06535293200443,260.7591615691193,257.79225486263886,259.8553771972656,99556600.0
2019-08-16,261.526019742791,264.12774671420584,259.91017868888616,263.6895751953125,83018300.0
2019-08-19,266.7386033203552,267.551064807946,266.0539325553779,266.86639404296875,53571800.0
2019-08-20,266.3552504978057,266.8938549749244,264.69380347965387,264.82159423828125,51596400.0
2019-08-21,267.0034904669119,267.35036710119334,266.3096814796704,266.9761047363281,49524700.0
2019-08-22,267.6880709824726,268.32708043291217,265.10456388141046,266.8938293457031,51666400.0
2019-08-23,265.5793016511987,267.25902432376466,258.77822593308645,260.0380249023437,149161500.0
2019-08-26,262.2471208700736,262.9135437011719,260.7043273605814,262.9135437011719,72423800.0
2019-08-27,264.31952101720253,264.6938111615203,261.1152519261081,261.882080078125,66668900.0
2019-08-28,261.2155541871571,263.8903274498511,260.4030649940188,263.7260131835937,59696700.0
2019-08-29,266.30962004307463,267.6241905265084,265.29629252656684,267.0946960449219,57899400.0
2019-08-30,268.59191855944977,268.61016642672587,266.0358241738326,266.9761047363281,62901200.0
2019-09-03,265.25986253964635,266.1818673913235,264.07308252222384,265.4150390625,69101400.0
2019-09-04,267.6058299579326,268.4456770545998,266.84811214014064,268.42742919921875,46887300.0
2019-09-05,270.9379850955433,272.8002699449474,268.39100146470435,271.8782653808594,83258100.0
2019-09-06,272.1977970729766,272.7364015476813,271.5131261181147,272.0882263183594,49584300.0
2019-09-09,273.0833123880373,273.1745795633693,271.27577099526627,272.2251892089844,51260300.0
2019-09-10,271.45830825390254,272.2251641871371,270.1893993244891,272.1612548828125,57947100.0
2019-09-11,272.4716066164612,274.17871477426985,271.8143215004749,274.0965576171875,68821100.0
2019-09-12,275.00946640984995,276.1140609473488,274.2426383777519,275.0459899902344,72908700.0
2019-09-13,275.49333334537414,275.84937561453114,274.48914370595605,274.8634338378906,62104800.0
2019-09-16,273.7223018686493,274.90908151372804,273.3662874766575,274.0144348144531,58191200.0
2019-09-17,273.813574808442,274.79948859683344,273.6401226270713,274.7082214355469,41475500.0
2019-09-18,274.3157393347616,274.982162543338,272.2617261111537,274.87261962890625,73375800.0
2019-09-19,275.2650616920583,276.26925115636266,274.5164815587289,274.854248046875,76560500.0
2019-09-20,275.4632719363271,275.747601915084,272.75781299385886,273.5556945800781,89565000.0
2019-09-23,272.88606757068004,274.2158882574197,272.6292778918309,273.4913635253906,43476800.0
2019-09-24,274.591975984227,274.9863266640886,270.3732633491965,271.34539794921875,94869400.0
2019-09-25,271.4278808333692,273.3996618307207,269.9329869833098,272.9502868652344,71854000.0
2019-09-26,272.959497738316,273.17041515997965,270.96020433344324,272.3817138671875,56179700.0
2019-09-27,273.14293891077847,273.2530156528884,269.3461169535222,270.91436767578125,84746600.0
2019-09-30,271.43709942289735,272.8861211836639,271.3912551093722,272.1707763671875,51662400.0
2019-10-01,273.06040692131165,273.7207274451159,268.7133131325914,268.93341064453125,88242400.0
2019-10-02,267.3376929596415,267.34687302018784,262.8805496604841,264.1828308105469,122539500.0
2019-10-03,263.9534956908163,266.3746801564052,261.2113450319115,266.34716796875,85278800.0
2019-10-04,267.0074394893669,270.2081446808144,266.95238713617016,269.95135498046875,65091200.0
2019-10-07,269.1443380322228,270.7859731666184,268.5023496814809,268.7866516113281,59610500.0
2019-10-08,266.9157555648982,267.6586125742788,264.5771078048639,264.6138000488281,95708100.0
2019-10-09,266.6497303112265,268.07123960436775,266.01692217738275,267.1266174316406,62359400.0
2019-10-10,267.04416569908835,269.8230087392678,266.8790925651335,268.93341064453125,55296300.0
2019-10-11,271.71222497127457,273.9774882522208,271.59302415689365,271.7214050292969,98720400.0
2019-10-14,271.40043260709405,272.0791132315292,271.0702863476261,271.4187927246094,40394800.0
2019-10-15,272.47344098973616,274.8579330633324,272.3542121878591,274.1058959960937,46754500.0
2019-10-16,273.63810671595377,274.3626314538951,273.2254240079943,273.6656188964844,48928200.0
2019-10-17,274.8396168545515,275.3531964000832,273.7757655136682,274.4727783203125,45736600.0
2019-10-18,273.9317440351551,274.5828846690896,272.4093372101875,273.2714233398437,64304000.0
2019-10-21,274.6010479449655,275.3255445865851,274.1608251343329,275.123779296875,39048600.0
2019-10-22,275.664969908118,275.9584518874311,274.133411556795,274.2251281738281,48594700.0
2019-10-23,273.9683391253382,275.0780346266676,273.75739370443176,275.02301025390625,34352200.0
2019-10-24,275.9676900728607,276.1144310934255,274.6378688157343,275.4724426269531,35453100.0
2019-10-25,274.8946545354414,277.1507662067408,274.8396301520426,276.6004943847656,45205400.0
2019-10-28,277.82936913962976,278.6639427889368,277.80185695286065,278.1595153808594,42147000.0
2019-10-29,277.8844715233175,279.0125274734946,277.7560626236918,278.0770568847656,44284900.0
2019-10-30,278.27879364230284,279.30595278154203,276.9581524667132,278.9299621582031,49643900.0
2019-10-31,278.92083902969745,278.92083902969745,276.7197792837789,278.1871337890625,69053800.0
2019-11-01,279.6453452647273,280.8100655210933,279.4802441042731,280.76422119140625,71141500.0
2019-11-04,282.332434970407,282.4699959292685,281.51619330118257,281.8922119140625,60606900.0
2019-11-05,282.0939628461783,282.396624928136,281.2869012782726,281.58038330078125,42933200.0
2019-11-06,281.5803573333279,281.9196836458168,280.6907592763781,281.6445617675781,46487100.0
2019-11-07,282.9926961715879,283.98316285551755,282.15812254565617,282.635009765625,54272300.0
2019-11-08,282.28657298359286,283.3871166707134,281.58040804361684,283.33209228515625,49032100.0
2019-11-11,281.9379879131186,282.96514670571486,281.8003990132711,282.7908935546875,35797300.0
2019-11-12,283.1577159054457,284.29492336297017,282.60744430123253,283.3869934082031,46484600.0
2019-11-13,282.3874876221616,283.8823821634068,282.15821000511147,283.4788513183594,53917700.0
2019-11-14,283.19446425993715,283.9740135213822,282.55247592981027,283.8914489746094,51219900.0
2019-11-15,285.2396384480463,285.99167561911906,284.5426536445025,285.9458312988281,62023600.0
2019-11-18,285.70733273244923,286.3951653661891,285.2487776432894,286.1567077636719,49228000.0
2019-11-19,286.76205149805355,286.7712315575165,285.4230782518121,286.07421875,67804700.0
2019-11-20,285.47808064779576,286.00084021317514,283.4420947508303,285.0103454589844,79406200.0
2019-11-21,285.120420197259,285.23046894962187,283.74475481675614,284.5517883300781,54664700.0
2019-11-22,285.3038296428825,285.4413905853551,284.1666218677963,285.1846008300781,44850200.0
2019-11-25,286.1201284882052,287.3948974609375,286.1201284882052,287.3948974609375,48647200.0
2019-11-26,287.4315722165192,288.2294537819829,287.1105779807151,288.0460205078125,37569000.0
2019-11-27,288.5320161819806,289.3299255371094,288.31191869807265,289.3299255371094,44444600.0
2019-11-29,288.76135751585883,289.00899522794373,288.0276804154301,288.2569580078125,36592700.0
2019-12-02,288.5137165611036,288.5779209971377,285.3772151101012,285.8082580566406,75767800.0
2019-12-03,283.066055398719,283.9740135213822,281.6720579813927,283.8914489746094,73941700.0
2019-12-04,284.9462340691534,286.2485152625701,284.5977276126645,285.6432189941406,49080000.0
2019-12-05,286.3493210524657,286.3676531803588,284.8360668678528,286.1567077636719,40709000.0
2019-12-06,288.0827055511341,289.1740691327643,288.07352549125886,288.7705383300781,48927000.0
2019-12-09,288.3761282917627,289.054780871288,287.7891643401872,287.862548828125,34838500.0
2019-12-10,287.8074736491045,288.47694605245914,286.88118357128565,287.54150390625,52649800.0
2019-12-11,288.00007121049623,288.6145472658081,287.4589796333,288.3577575683594,53429100.0
2019-12-12,288.36702187854485,291.6319327260451,288.1285922018098,290.8432312011719,96389600.0
2019-12-13,290.6046842632145,292.25549930050136,289.82513505016067,291.01739501953125,81503900.0
2019-12-16,292.75993388342044,293.61283969518865,290.9532255790603,293.0167236328125,82749700.0
2019-12-17,293.4018962549046,293.7045302945948,292.9983655433302,293.0809020996094,61097700.0
2019-12-18,293.4752311449463,293.7045086692783,293.044188279683,293.0992126464844,48133000.0
2019-12-19,293.2918931825509,294.3741047197313,293.0351033914208,294.3007202148437,85310500.0
2019-12-20,295.3421481769541,296.7338024858833,294.35603678395967,295.59100341796875,147142100.0
2019-12-23,296.38356668467884,296.438861596246,295.895109548775,296.0425720214844,52990000.0
2019-12-24,296.27296796970865,296.3190376861017,295.7476381999961,296.0517883300781,20270000.0
2019-12-26,296.4388497795476,297.636971775455,296.4296527117135,297.62774658203125,30911200.0
2019-12-27,298.36501505771406,298.42030996416133,297.01945879151674,297.5539855957031,42528800.0
2019-12-30,297.6368728182985,297.7751100457454,295.4249646768268,295.9134216308594,49729100.0
2019-12-31,295.4066743067793,296.8812710175712,295.0564544238369,296.6324157714844,57077300.0
2020-01-02,298.18072230420165,299.4249140098017,297.24987779194856,299.4064636230469,59151200.0
2020-01-03,295.98725810025013,298.2728840920659,295.93196319223426,297.1392822265625,77709700.0
2020-01-06,295.3697648449921,298.3558305467553,295.24994983411784,298.2728881835937,55653900.0
2020-01-07,297.7014534457011,298.18071347770706,296.98259152328075,297.4342041015625,40496400.0
2020-01-08,297.6277853373747,300.2451811818737,297.3789582128404,299.0194396972656,68296000.0
2020-01-09,300.5953820541723,301.12071185388226,300.0055321473559,301.0469665527344,48473300.0
2020-01-10,301.6367465512363,301.79340606008225,299.7105658576426,300.1805725097656,53029300.0
2020-01-13,300.80727157112966,302.25419218279177,300.3741094690749,302.2449951171875,47086800.0
2020-01-14,301.8026935022557,302.8625501430972,301.22206880428763,301.7842712402344,62832800.0
2020-01-15,301.69209070312985,303.2311792206484,301.6091483392148,302.4662475585937,72056600.0
2020-01-16,303.8578926228846,304.9822692871094,303.62748779927784,304.9822692871094,54050300.0
2020-01-17,305.7012052280295,306.14356459608166,304.9178230129763,305.9316101074219,95846000.0
2020-01-21,304.9637554449902,306.14342677137137,304.8900382920339,305.3323974609375,77742400.0
2020-01-22,306.19871424247634,306.85308403991667,305.21260320198564,305.3692626953125,48914900.0
2020-01-23,304.71504266868703,306.1343444941288,303.5906658168216,305.7196044921875,51963000.0
2020-01-24,306.3830872406276,306.46602959305443,301.7012459826827,303.000732421875,87578400.0
2020-01-27,297.71066717031647,299.63684804047784,297.36967254565656,298.1438293457031,84062500.0
2020-01-28,299.58157882537694,302.15290464553823,298.23602247126104,301.2681579589844,63834000.0
2020-01-29,302.64134605516574,302.8717508769843,300.8165297411512,301.019287109375,53888900.0
2020-01-30,298.9364328893423,302.2081983917871,298.1807264128993,301.9962158203125,75491800.0
2020-01-31,301.3694965941974,301.5261842429147,295.59095398654773,296.5125732421875,113845600.0
2020-02-03,298.00554285859624,300.5952902903992,297.885727875001,298.7151794433594,69083000.0
2020-02-04,302.3556418080927,304.1435854487345,302.03306943724914,303.2680358886719,62573200.0
2020-02-05,306.22638966956634,306.98212413461243,304.7518215068036,306.7701416015625,65951100.0
2020-02-06,307.7378785857936,307.99593084359486,306.71486662143343,307.8023986816406,50359700.0
2020-02-07,306.7332951302192,307.8115737955059,305.6089186316495,306.1618957519531,64139400.0
2020-02-10,305.2679101705652,308.5119993363603,305.23103753073127,308.4474792480469,42070000.0
2020-02-11,309.8115379014592,310.60411697522704,308.4475312534635,308.9820861816406,54864500.0
2020-02-12,310.42896775051224,311.1847022081107,310.06032571345446,310.9727478027344,43992700.0
2020-02-13,309.535097646318,311.61796662147174,309.25862305917093,310.6410522460937,54501900.0
2020-02-14,311.0557600250274,311.25851740979283,309.8484409102483,311.1387023925781,64582200.0
2020-02-18,310.1340956719919,311.20317735243003,308.93597379924495,310.3368530273437,57226200.0
2020-02-19,311.3137079290561,312.502576257546,311.0280082725432,311.8205871582031,48814700.0
2020-02-20,311.2676707600696,312.0971505702574,307.5258989240544,310.53961181640625,74163400.0
2020-02-21,309.1755350741806,309.4888821672384,306.51204259481864,307.3415222167969,113788200.0
2020-02-24,297.812034951368,307.4152910445765,296.06093601109944,297.1484680175781,161088400.0
2020-02-25,298.5492826940522,299.16675171836823,287.2594491278391,288.1441955566406,218913200.0
2020-02-26,289.554375372259,293.17633285198843,286.34715787137753,287.0844421386719,194773800.0
2020-02-27,281.5178045527755,287.1396875294625,274.1909484863281,274.1909484863281,284353500.0
2020-02-28,266.07147109385767,274.5411536901564,263.1591510817737,273.0389099121094,384975800.0
2020-03-02,274.83605963928864,284.9278013455216,271.37998756531664,284.86328125,238703600.0
2020-03-03,285.241142492212,289.2409664464348,274.2462321827983,276.7069396972656,300139100.0
2020-03-04,282.12609402547145,288.5590068284191,279.5547683178019,288.3377990722656,176613400.0
2020-03-05,281.0755511120108,284.29199446293734,276.49510065029466,278.7530517578125,186366800.0
2020-03-06,270.17265996629715,275.361380506915,267.48154768139767,274.14483642578125,228667200.0
2020-03-09,253.72176795910795,261.9149765816967,252.0167948491991,252.73565673828125,309417300.0
2020-03-10,262.3296961617116,265.90555494461773,252.0628450249483,265.8134155273437,276444100.0
2020-03-11,258.69852889628334,259.84132774034595,249.64822131506236,252.85543823242188,255316300.0
2020-03-12,235.9345080548829,245.758971804426,228.26662979295884,228.66293334960935,392220700.0
2020-03-13,242.46881203709916,250.20121126587023,229.04082649348496,248.21051025390625,329566100.0
2020-03-16,222.27611041521735,236.76396526708143,218.75553240747965,221.0503692626953,297240000.0
2020-03-17,225.83353273897285,236.0911716424263,218.4882416233412,232.9853057861328,262070500.0
2020-03-18,217.73255681991577,228.90257809191635,210.14763401621605,221.18862915039065,327597100.0
2020-03-19,220.4974104119493,227.9901795793334,214.01842806697903,221.6586456298828,289322000.0
2020-03-20,224.83471432696115,226.63317182460088,211.82836136680064,212.10647583007807,347158800.0
2020-03-23,211.54092991348367,212.92220830591737,202.33542971604777,206.6832427978516,326025200.0
2020-03-24,217.3163957409476,226.2901371090732,216.74163631215916,225.4094390869141,235494500.0
2020-03-25,227.00388620508016,237.6462971151075,222.25745417123144,228.78379821777344,299430300.0
2020-03-26,231.3146832609632,243.62574100847263,230.8789739725788,242.1425018310547,257632800.0
2020-03-27,234.791125616615,241.78099208689932,232.7330983070785,234.93017578125,224341200.0
2020-03-30,237.04378461879432,243.2827508947583,235.03211240635088,242.5596618652344,171369500.0
2020-03-31,241.54915938007525,244.1170459475213,237.5258155170391,238.94418334960935,194881100.0
2020-04-01,229.8870341380712,238.8607753787008,226.10471485273015,228.1905517578125,189554600.0
2020-04-02,227.30061013542672,234.2441206098747,226.74438128410287,233.4561462402344,177660400.0
2020-04-03,232.46417722860392,234.8374077531059,227.3283899845276,230.08169555664065,135561200.0
2020-04-06,239.02760038859068,247.51927633492232,230.0631399056792,245.535400390625,188061200.0
2020-04-07,254.2032968226609,254.9634754147283,245.56331686428325,245.78579711914065,201427200.0
2020-04-08,248.4092311503387,255.8626286901764,245.896964710396,254.03636169433597,153774500.0
2020-04-09,257.32731202489896,260.6832148677465,255.37127453950865,257.902099609375,189999200.0
2020-04-13,256.9194667575025,257.26246648033674,251.60752589977565,255.5474395751953,114839100.0
2020-04-14,260.47934358984685,264.11331944363315,255.40844077934855,263.0843200683594,134143400.0
2020-04-15,257.3181535864559,263.2233859194105,255.3620871053566,257.4942932128906,121775000.0
2020-04-16,258.782790803779,259.5985892077711,255.64014500995663,258.7364501953125,131798300.0
2020-04-17,264.55830161086266,266.3382000240028,261.79571617447783,265.72637939453125,146684800.0
2020-04-20,261.99036900579455,265.8654119117226,260.8223195905384,261.0447998046875,100109300.0
2020-04-21,256.539473774961,257.7538924176312,252.17310037719665,253.1186981201172,126385700.0
2020-04-22,258.0411713224969,260.4978176815848,256.7062336234133,258.7364501953125,92951600.0
2020-04-23,260.0250232047847,263.22331738790507,258.4119852468476,258.7178955078125,104709700.0
2020-04-24,260.24753940411455,263.0008449983385,258.1802332760772,262.3240966796875,85063200.0
2020-04-27,264.3172674261671,267.2374336487628,263.85374808000984,266.1064453125,77896600.0
2020-04-28,269.78667208052826,270.1389511561196,264.5767214344797,264.8826599121094,105270000.0
2020-04-29,270.2595983335929,273.36518372014734,269.2213194882799,271.8170166015625,118745600.0
2020-04-30,270.42643326658214,271.9189801856044,267.53407724153976,269.28619384765625,122901700.0
2020-05-01,264.49344577725225,269.4531091656955,260.9799606973411,262.1573181152344,125180000.0
2020-05-04,260.2568961543851,263.1863425230713,258.7643770797001,262.88043212890625,80873200.0
2020-05-05,265.72638282711176,268.145940220566,263.01013797300146,265.3092041015625,79569900.0
2020-05-06,267.02413389803274,267.413474161571,263.0749414792102,263.5106506347656,73632600.0
2020-05-07,266.7553291725268,268.6372162015143,266.1805698273636,266.6904296875,75250400.0
2020-05-08,269.85164174296466,271.5759481164923,268.7113741686807,271.1031494140625,76452400.0
2020-05-11,269.15634595153807,272.549310146234,268.7299161768622,271.15875244140625,79514200.0
2020-05-12,272.3546602609416,272.7718106288579,265.6150719770152,265.754150390625,95870800.0
2020-05-13,265.18869241128544,266.2362506852452,258.6067118800236,261.0541076660156,144721100.0
2020-05-14,258.59740005391626,264.3079322993692,253.0722302423113,264.1781616210937,121977900.0
2020-05-15,261.76791443108755,265.4389797789852,260.8130656972084,265.39263916015625,111146300.0
2020-05-18,271.6686731742664,275.0987275980287,271.3442322698627,273.4764099121094,119703800.0
2020-05-19,272.8738370205905,274.5981153598424,270.64894988017926,270.66748046875,95189300.0
2020-05-20,274.2365951047866,276.1370131239572,274.0048354297182,275.2655944824219,85861700.0
2020-05-21,275.1357899168052,275.95158839920805,272.2619646414217,273.3651428222656,78293900.0
2020-05-22,273.0777278868126,274.06038639809736,271.8262202987518,273.8842468261719,63958200.0
2020-05-26,279.90063999653296,280.1416789842758,273.9027016453145,277.2585754394531,88951400.0
2020-05-27,280.0769660963153,281.4211837128633,275.2100122509225,281.38409423828125,104817400.0
2020-05-28,282.4223474981835,284.4525646093608,280.1881807318339,280.86492919921875,90405200.0
2020-05-29,280.39211786365337,282.70971461847324,277.6202811980011,282.1164245605469,119090800.0
2020-06-01,281.46750532286615,283.86853232947044,280.94836587770726,283.2566833496094,55758300.0
2020-06-02,284.1836827985654,285.648419687675,282.8394937497713,285.60205078125,74267200.0
2020-06-03,287.6044663110158,290.36705171683786,287.3263660279691,289.4029235839844,92567600.0
2020-06-04,288.4110015513111,290.16311830541184,286.52911408818983,288.64276123046875,75794400.0
2020-06-05,294.0844590014843,297.8296744962455,294.0195595110325,296.0404968261719,150524700.0
2020-06-08,296.8563111826671,299.8135666751712,296.30936178597165,299.618896484375,73641200.0
2020-06-09,296.9304669331177,299.69305228235027,296.05904834278846,297.3847351074219,77479200.0
2020-06-10,297.9688186214209,298.8680473742043,295.0022831940381,295.7253723144531,95000800.0
2020-06-11,288.7353427083733,289.3750014024428,278.1207710850203,278.6769714355469,209243600.0
2020-06-12,285.7504305631403,286.5291397599619,276.8137912454438,282.01446533203125,194678900.0
2020-06-15,276.276058606375,285.7874845637116,275.0894502216975,284.647216796875,135782700.0
2020-06-16,292.462131813723,292.6104613765761,285.22196300459586,290.1259765625,137627500.0
2020-06-17,291.15503445256985,291.4516936092393,288.1792200282481,288.9208679199219,83398900.0
2020-06-18,287.39128663729656,289.5141849661183,286.92776727085004,289.0321350097656,80828700.0
2020-06-19,292.5293921231089,292.7249189718837,285.4156360502903,287.3803100585937,135549600.0
2020-06-22,286.7750622552266,289.6242814447814,285.62048487305856,289.2239074707031,74649400.0
2020-06-23,291.89626304757377,292.83670161151986,290.1457561194454,290.5554504394531,68471200.0
2020-06-24,288.4976054005304,289.12146697996565,281.29076098136915,283.1436767578125,132813500.0
2020-06-25,282.56636547290475,286.44913982789336,280.52721488880826,286.1791076660156,89468000.0
2020-06-26,285.0711663162655,285.28533374295023,278.7954384155237,279.38201904296875,127961000.0
2020-06-29,280.6484118969641,283.62797385022674,278.3392279404148,283.4883117675781,79773300.0
2020-06-30,283.05055617603404,288.83281950605533,282.89228202620745,287.1195373535156,113394800.0
2020-07-01,288.2461618720498,290.4063621204567,287.7806029434515,289.1307067871094,72396500.0
2020-07-02,292.5945505700709,293.95400349200224,290.0526162741743,290.7230224609375,69344200.0
2020-07-06,294.57778410766616,295.7975463605753,293.8235808342022,295.2109375,61713800.0
2020-07-07,293.65593183570286,295.6485091213004,291.78437599327464,292.1661376953125,82910000.0
2020-07-08,292.939107942112,294.5127001059218,291.1606970359001,294.4009704589844,54638600.0
2020-07-09,295.015457133958,295.2575569343359,289.2797661942762,292.72491455078125,83354200.0
2020-07-10,292.6598001999359,295.98389945969103,291.2165781537838,295.7138671875,57550400.0
2020-07-13,298.0788826561616,300.48115517982075,292.4921732922841,293.1532592773437,102997500.0
2020-07-14,291.7193316408675,297.7343758977281,290.5088893016334,296.9522399902344,93657000.0
2020-07-15,300.2017521661354,300.788361041621,297.27802806148213,299.6803283691406,87196500.0
2020-07-16,297.76230219433336,299.14965924295814,297.1105080770682,298.69342041015625,54622500.0
2020-07-17,299.7083084826566,300.35078226613393,297.7157020433569,299.559326171875,62774900.0
2020-07-20,299.289309945815,302.73445857993903,298.5351064928291,301.9802551269531,56308800.0
2020-07-21,303.96355420892013,304.41047276850526,301.6264383843552,302.62274169921875,57292200.0
2020-07-22,302.25964085728816,304.66194216562354,302.14791119931493,304.3453369140625,57792900.0
2020-07-23,303.9821005241788,304.6897593109272,299.33583070652713,300.7138671875,75738000.0
2020-07-24,298.8423457269176,299.8106880275104,297.25943369578823,298.77716064453125,73766600.0
2020-07-27,299.47558001696007,301.13296943575403,298.6748035118933,300.9560546875,48293000.0
2020-07-28,300.22043080634853,301.34710427397874,298.749276570797,299.0472412109375,57495000.0
2020-07-29,299.931803961726,303.2931555958209,299.89455127566424,302.72515869140625,48454200.0
2020-07-30,299.72694879233813,302.06406461325884,297.622640941469,301.6450500488281,61861700.0
2020-07-31,303.4513369006596,304.1310632397272,299.19612101188454,304.02862548828125,84986800.0
2020-08-03,305.70473780623433,306.9151801141512,305.1553814716891,306.1423645019531,53077900.0
2020-08-04,305.27638828760263,307.3248596191406,305.27638828760263,307.3248596191406,41917900.0
2020-08-05,308.6377112650993,309.49435240192435,308.36767906543605,309.2336120605469,42697700.0
2020-08-06,308.6470864632743,311.4218006508972,308.3211893940272,311.3007507324219,43679400.0
2020-08-07,310.3230196921729,311.81281424146323,309.41051378205907,311.524169921875,57308300.0
2020-08-10,311.98041244824475,312.6414983092965,310.0250588545826,312.4552917480469,44282100.0
2020-08-11,313.64717495295594,314.2896487915677,309.1405662230884,309.8761291503906,69601100.0
2020-08-12,312.33426643369586,314.9786385014679,312.3063340265369,314.1965026855469,53774400.0
2020-08-13,313.42360139947465,314.9506484861032,312.69733053071513,313.6284484863281,41816100.0
2020-08-14,313.2373824622977,314.1778206532009,312.50179135014184,313.63775634765625,47260400.0
2020-08-17,314.66208768289863,315.0345292808714,313.6471722518471,314.6341552734375,35481000.0
2020-08-18,315.03455127900327,315.7422102553964,313.4237064463358,315.3139038085937,38733900.0
2020-08-19,315.69552859529773,316.21695237243193,313.4329188035761,314.0009155273437,68054200.0
2020-08-20,312.259790525914,315.46283945447374,312.1294487520339,314.9786682128906,42207800.0
2020-08-21,314.6434054662329,316.31940649154194,314.2988679389894,316.095947265625,55106600.0
2020-08-24,318.5540693017545,319.37345764627185,316.0680002817165,319.2989807128906,48588700.0
2020-08-25,319.86699505728615,320.500148536272,318.6937771755715,320.4163513183594,38463400.0
2020-08-26,321.0122835704496,323.8987269329815,320.4629273041784,323.62872314453125,50790200.0
2020-08-27,324.50392653804744,325.7981657152601,322.6603027635566,324.3363037109375,58034100.0
2020-08-28,325.3699365435357,326.5617666679802,324.1687861444132,326.431396484375,48588900.0
2020-08-31,326.217302875436,327.1018482132856,325.0161523092038,325.2489318847656,66099200.0
2020-09-01,326.0868395952134,328.414634686384,325.1836539632205,328.3122253417969,54908700.0
2020-09-02,330.23962674083725,334.0385755995548,329.08502112217155,333.0609130859375,69540000.0
2020-09-03,331.3569759319599,331.83185523044534,318.9917293636481,321.598876953125,148011100.0
2020-09-04,322.2879227999544,323.8708065712625,311.80352356591766,318.97314453125,139156300.0
2020-09-08,313.5167562507004,319.0383079814321,309.9505865584041,310.2578430175781,114465300.0
2020-09-09,314.2989498964528,318.87074385526404,313.4236964794232,316.3846740722656,91462300.0
2020-09-10,318.27481234408083,318.9358982731925,309.92268141530946,310.8910522460937,90569500.0
2020-09-11,312.68806270946953,313.75884275764054,308.2000669987187,311.0492858886719,84680200.0
2020-09-14,314.243054494716,316.93399958031324,311.19830838207776,315.146240234375,65605700.0
2020-09-15,317.6230401257056,318.4610408339248,315.1555825454873,316.7384948730469,52920900.0
2020-09-16,317.9861553053102,319.4293770117385,315.2020928298086,315.4814453125,82096000.0
2020-09-17,310.5838080714251,314.4386513511782,310.0530638374635,312.7067565917969,91523300.0
2020-09-18,313.51900702480737,313.631183875856,306.6011587611165,309.1065368652344,105877900.0
2020-09-21,304.4791689241852,305.8159910462942,300.76783141419656,305.6664123535156,99450800.0
2020-09-22,307.1621243318381,309.3403013085807,304.62867305037145,308.7793884277344,63612100.0
2020-09-23,309.34030249481947,309.62077320092527,301.1136753082404,301.6184997558594,93112200.0
2020-09-24,300.2911298991234,305.50755623073377,298.963636483191,302.4225769042969,76681300.0
2020-09-25,301.56241505620784,308.10633282316,300.6836866315257,307.3117370605469,71069400.0
2020-09-28,311.5091230743204,313.1357446158917,310.50883184921554,312.4159240722656,64584600.0
2020-09-29,312.21026614745807,312.9581309282604,310.01337412618363,310.7145080566406,51304000.0
2020-09-30,311.3875437238685,316.248749542968,311.19123424559325,313.0702819824219,104081100.0
2020-10-01,315.68796610962784,316.6695424323079,313.1825871203494,315.080322265625,88698700.0
2020-10-02,310.08822137343094,315.0522480175237,309.611441104255,312.0887756347656,89431100.0
2020-10-05,314.1641984240863,317.8100904232797,314.1174675575056,317.6231384277344,45713100.0
2020-10-06,317.7632668791493,319.87602637009286,312.5935735514593,313.10772705078125,90128900.0
2020-10-07,316.089886572941,319.3712026876588,316.0618423552603,318.5578918457031,56999600.0
2020-10-08,320.5117651377044,321.4466105786607,319.5862487512889,321.38116455078125,45242500.0
2020-10-09,323.045170609396,324.7185518452797,322.41884017460626,324.2511291503906,59528600.0
2020-10-12,326.8126325547645,330.9539912427605,326.31716558452143,329.46759033203125,80388500.0
2020-10-13,329.32729446087654,329.50491734660983,326.3451357320465,327.3173828125,73255500.0
2020-10-14,327.8970437383837,329.0001545296071,324.5222653357715,325.2607727050781,57727900.0
2020-10-15,321.3156625387775,325.34484340494106,320.7734648303484,324.8587341308594,60357700.0
2020-10-16,326.2236208047571,327.89700194613374,324.4848221719957,324.6624450683594,89501900.0
2020-10-19,325.93386041728087,326.56954847623047,318.8197002372289,319.7265014648437,68425600.0
2020-10-20,321.0820382732592,324.27922254397066,320.31548661960784,321.0072631835937,60051900.0
2020-10-21,320.960420482777,323.14798356449506,320.0910212111179,320.3995361328125,63575000.0
2020-10-22,320.6145847016271,322.74603116756344,318.4550940136081,322.1570739746094,55399300.0
2020-10-23,323.39110613289535,323.4471945821473,320.773550070402,323.2508850097656,49143900.0
2020-10-26,319.8386891698035,320.633313534971,313.75283595551645,317.2772216796875,91473000.0
2020-10-27,317.6230498845085,317.95958050020954,315.9683554363344,316.1833801269531,65994100.0
2020-10-28,310.4621479247064,316.2114411488421,304.881120017363,305.3765869140625,127094300.0
2020-10-29,305.6103337435858,311.67747166931895,303.90890815385325,308.4803161621094,90597700.0
2020-10-30,306.89105673391106,308.20919221420985,301.5811415365393,305.2644348144531,120287300.0
2020-11-02,308.6859741210937,310.70521515545505,305.9188110918073,308.6859741210937,86068300.0
2020-11-03,311.94854321279144,316.2114356730083,308.7700747684846,314.1360778808594,93294200.0
2020-11-04,318.65139194182245,325.27011340401964,317.46414854468395,321.15679931640625,126959700.0
2020-11-05,326.4853816985081,329.24318689940026,326.13013589996984,327.42022705078125,82039700.0
2020-11-06,327.1304037806985,328.6074753075735,324.9989576717565,327.3454284667969,74973000.0
2020-11-09,340.255700398766,340.6389904576973,330.9913785434033,331.45880126953125,172304200.0
2020-11-10,330.4584132487841,332.0383038838864,327.6725928736087,330.9725952148437,85552000.0
2020-11-11,333.178939416336,334.2633636488822,331.9262498362968,333.4313659667969,58649000.0
2020-11-12,332.4122644891503,333.4780017779414,328.37375465433377,330.1966857910156,67546200.0
2020-11-13,332.1225293859271,335.5160228997194,331.5990182215688,334.7681579589844,62892200.0
2020-11-16,337.4604986695966,339.14320895750063,336.16104988533266,338.9468994140625,74541100.0
2020-11-17,336.516288101695,338.3392479801234,334.9924855878978,337.1239318847656,66111000.0
2020-11-18,337.39505010740044,337.9466054590558,333.0293096223353,333.06671142578125,70591300.0
2020-11-19,332.43103796646704,334.84292660380345,331.07550069207474,334.468994140625,59940900.0
2020-11-20,334.20724655306293,334.41291369211046,332.10384430202964,332.1786193847656,70417300.0
2020-11-23,334.00147348982426,335.44114300658487,331.7484932586033,334.16973876953125,63230600.0
2020-11-24,336.7406714963386,340.106120821583,335.88062965885445,339.5545654296875,62415900.0
2020-11-25,339.4704148563673,339.4984590772143,337.9279256513489,339.0310363769531,45330900.0
2020-11-27,340.1341885227969,340.45203257417427,338.9562740453472,339.97528076171875,28514100.0
2020-11-30,339.18991339612273,339.4610265258987,335.7684046458298,338.4700927734375,83872700.0
2020-12-01,341.75142532829835,343.7239353451795,341.15311060347875,342.1720886230469,74231400.0
2020-12-02,341.0503514645866,343.05090605398885,340.47075180344405,342.8919982910156,45927000.0
2020-12-03,342.7891043307155,344.2007300136769,341.68599360603105,342.7984619140625,62882000.0
2020-12-04,343.3874361563466,345.7525939941406,343.2939459058797,345.7525939941406,50749900.0
2020-12-07,344.9766377155109,345.5375506588797,343.7613501125595,345.0420837402344,48944300.0
2020-12-08,343.7612840682177,346.621908147669,343.71455321908894,346.0516662597656,42458900.0
2020-12-09,346.71539254636343,346.8743002540993,342.10661255464004,342.9479675292969,74098300.0
2020-12-10,341.5644718387296,343.8922278412856,340.6857148479617,342.8358764648437,57735400.0
2020-12-11,341.1250905165916,342.84520267831226,339.591958851909,342.4338684082031,57698600.0
2020-12-14,344.62132872160544,345.7057239865388,340.7230119053389,340.900634765625,69216200.0
2020-12-15,343.4621470224209,345.50946044921875,342.07859427938155,345.50946044921875,63865300.0
2020-12-16,345.7244647282285,346.97715389452577,344.8363503610866,346.0516662597656,58420500.0
2020-12-17,347.7064047120037,348.192514055572,346.8743786015614,347.9868469238281,64119500.0
2020-12-18,348.27786527428,348.4468478461317,344.5694742595204,346.59735107421875,136542300.0
2020-12-21,342.6449189270984,355.3097313629829,339.8847553662255,345.3581237792969,96386700.0
2020-12-22,345.68672863276714,345.79938369502804,343.64008526614856,344.77606201171875,47949000.0
2020-12-23,345.75252971651383,347.01055927329736,344.75737157979205,345.0859680175781,46201400.0
2020-12-24,345.56469965835925,346.4566000467822,344.9732605411663,346.4284362792969,26457900.0
2020-12-28,349.00079166536955,349.7988032079543,348.3717913635743,349.4045104980469,39000400.0
2020-12-29,350.94411067834875,351.12249070633493,348.1463864006702,348.73785400390625,53680500.0
2020-12-30,349.5640699675113,350.27759016276275,348.84118095183555,349.2354736328125,49455300.0
2020-12-31,349.0383079297385,351.74214362403853,348.52196275444635,351.0098571777344,78520700.0
2021-01-04,352.3523948839553,352.48384487733864,342.50407428116006,346.2312316894531,110210800.0
2021-01-05,345.58341092427617,349.7142581765999,345.5364522226167,348.6158142089844,66426200.0
2021-01-06,347.09496805959986,353.92028318581686,346.5410615794167,350.7000732421875,107997700.0
2021-01-07,353.09406223268326,356.66160571707405,352.91568219338114,355.9105529785156,68766800.0
2021-01-08,357.3094476073072,358.15438921138787,354.032938779439,357.9384765625,71677200.0
2021-01-11,354.736990332524,357.29997839526766,354.6149378246174,355.5256042480469,51034700.0
2021-01-12,355.7133916996036,356.62402949769387,353.338123765647,355.6007080078125,52547700.0
2021-01-13,355.5256610306768,357.5629068084497,354.7370469892007,356.5583801269531,45303600.0
2021-01-14,357.3094974899018,357.8164739834589,354.97181870706424,355.3097839355469,49989100.0
2021-01-15,353.6761329176332,354.48351318021776,350.8408758769977,352.7185363769531,107160000.0
2021-01-19,355.19703254217853,356.0326052151817,353.70429588615946,355.4880676269531,51233300.0
2021-01-20,357.7975866283241,361.2525037596756,357.4032939635952,360.4075622558594,61836100.0
2021-01-21,360.9708525943464,361.4027351606016,359.80671219152816,360.7361450195313,47840100.0
2021-01-22,358.86788291159115,360.6328884633463,358.48295904970183,359.4593505859375,52860500.0
2021-01-25,360.20096377680926,361.2336539853712,355.3096382361892,360.8769226074219,70402000.0
2021-01-26,361.8345600466188,362.24764763721817,360.0789521119839,360.3136596679688,42665300.0
2021-01-27,356.96204788835644,357.0559366459117,349.2542593618673,351.5074462890625,123351100.0
2021-01-28,353.33812384056,358.5674149828668,352.89690114695435,354.53045654296875,94198100.0
2021-01-29,352.6528163343767,353.62920783029284,345.74301069910035,347.43292236328125,126765100.0
2021-02-01,350.8596220103772,354.2581827359129,347.72393259370006,353.2160949707031,75817600.0
2021-02-02,356.42692150034526,359.77855258361063,353.3006291740671,358.210693359375,64450700.0
2021-02-03,359.0462159378067,360.2291511315739,357.20611680925373,358.4923095703125,52427100.0
2021-02-04,359.5344621916985,362.61382458833737,358.6050293150717,362.56689453125,47142600.0
2021-02-05,364.4539733813267,364.70744727547367,362.5199850459916,363.9939270019531,48669800.0
2021-02-08,365.4584810267465,366.6695802037809,364.5947731468553,366.6226501464844,38365200.0
2021-02-09,365.7776748693043,366.9794052088207,365.3646158786308,366.3785400390625,35551100.0
2021-02-10,368.1341550562594,368.2843713515008,363.79676339042106,366.2189331054688,59154400.0
2021-02-11,367.3079426625288,367.730427740904,364.3600305372677,366.8103637695313,42913300.0
2021-02-12,366.00303069637926,368.8664519053996,365.9279082212432,368.6223754882813,50593300.0
2021-02-16,369.8616235534967,370.0587985699283,367.58027251333647,368.30316162109375,50972400.0
2021-02-17,366.5381070804252,368.6410776048561,365.5147569279507,368.3876037597656,52290600.0
2021-02-18,365.75888039741807,367.5708159370994,364.0220386727568,366.81976318359375,59712800.0
2021-02-19,368.08712695824704,368.3781619993756,365.7212567518851,366.1719055175781,83241000.0
2021-02-22,363.3836019913869,365.78700492581214,363.083169461878,363.3554382324219,67414200.0
2021-02-23,361.13044793627193,365.1580377369494,356.94327303732115,363.7967224121094,107284100.0
2021-02-24,362.69824260167314,368.23736345862255,361.7030849255239,367.8054809570313,72433900.0
2021-02-25,366.528727232895,367.9088088686141,357.4877871959212,358.9429626464844,146670500.0
2021-02-26,360.8393968436409,361.99413966509326,355.0937605441655,357.09344482421875,152701600.0
2021-03-01,362.0035274155748,367.0075083435912,357.2906102035209,365.74945068359375,105348800.0
2021-03-02,365.974901129328,366.2096087471087,362.3885618534388,362.8955383300781,79595300.0
2021-03-03,362.19133725305664,363.16770010355685,357.9853673365039,358.0886535644531,119940200.0
2021-03-04,357.9009126000163,360.5108598665587,349.1322404361531,353.65740966796875,183433000.0
2021-03-05,357.18734765984703,361.22433491140765,349.8457169048159,360.1634521484375,152039600.0
2021-03-08,361.1304328915431,363.9656898183149,358.08863217203805,358.3702697753906,123149200.0
2021-03-09,362.2476756090717,366.059324320526,361.740699226766,363.4869384765625,113633600.0
2021-03-10,365.8527369023205,367.4581284956395,364.4257253361284,365.74945068359375,109899400.0
2021-03-11,368.2373873992892,371.4481707063066,367.7773411090605,369.4578552246094,86245000.0
2021-03-12,368.08727240561694,370.096354730213,367.2704944738459,369.9555358886719,64653600.0
2021-03-15,370.2089296305693,372.4245839773776,368.04963145900535,372.1617126464844,73427200.0
2021-03-16,372.7813684052426,373.4948599780654,370.9130765539717,371.69232177734375,73722500.0
2021-03-17,370.3967604985205,373.7671582322049,369.2419887799613,372.9597778320313,97959300.0
2021-03-18,370.3498470692709,372.4528181137688,366.84799916853865,367.5333557128906,115349100.0
2021-03-19,367.2300583888453,368.82188071228416,364.65864646375104,366.8533020019531,113624500.0
2021-03-22,367.37131754090274,371.1766229447681,367.31480552331743,369.7825927734375,73778600.0
2021-03-23,369.14212667518825,370.6020684599618,366.0809343083593,366.87213134765625,90686600.0
2021-03-24,368.2848896167229,369.9332235216571,364.959965803985,365.0070495605469,97588600.0
2021-03-25,363.5565367226419,367.8610211348772,361.5973580398518,367.0604248046875,116128600.0
2021-03-26,368.2189781394368,373.380628776082,367.61617378288815,372.9756164550781,114409100.0
2021-03-29,371.4874889296892,373.7009723979308,369.9898627732207,372.7873229980469,108107600.0
2021-03-30,371.5062294862757,372.4763906085437,370.18753932464574,371.7982177734375,76262200.0
2021-03-31,372.37272952139966,374.8782003398645,372.34447352040667,373.3052062988281,112734200.0
2021-04-01,375.2550065507311,377.39314964089095,375.0477862676465,377.3366088867188,99682900.0
2021-04-05,380.0210139869953,383.2988540001792,379.9456742285521,382.7525329589844,91684800.0
2021-04-06,382.1874477145245,383.58144895763775,381.848346908994,382.5265197753906,62021000.0
2021-04-07,382.3569751710604,383.3177080666355,381.8954508503425,382.9692077636719,55836300.0
2021-04-08,384.2313277986375,384.84356034439617,383.2894227298822,384.78704833984375,57863100.0
2021-04-09,384.66471135235577,387.7541595230229,384.5422590667275,387.5845947265625,61104600.0
2021-04-12,386.9817474578698,387.9989924006899,386.36951484216655,387.7258605957031,56704900.0
2021-04-13,387.622248206318,389.5060586179823,387.2360636225669,388.8749694824219,56551000.0
2021-04-14,388.8467105463141,389.9110680200317,387.00058440529887,387.5469055175781,61659900.0
2021-04-15,389.7038508369247,391.98327408371046,389.6567670744784,391.7101135253906,60229800.0
2021-04-16,393.0099809285254,393.6316418671914,391.5782952406291,393.0194091796875,82037300.0
2021-04-19,392.0774576226585,392.5295537103947,389.7509506889672,391.0884399414063,78498500.0
2021-04-20,389.8640342314127,390.97547560966734,386.7369016720499,388.2251281738281,81851800.0
2021-04-21,387.603413176734,392.10571882633735,387.4621044027784,391.89849853515625,66793000.0
2021-04-22,391.7289961216428,392.5672768638252,387.2455178429115,388.31927490234375,97582800.0
2021-04-23,388.8843727028169,393.9518269831813,388.80903293885234,392.529541015625,73209200.0
2021-04-26,393.1889217488319,393.92360667889005,392.595516854426,393.3490295410156,52182400.0
2021-04-27,393.6504668407904,393.8482876457861,392.115156634974,393.2642822265625,51303100.0
2021-04-28,393.5373991710173,394.6676968797559,392.68026201174575,393.1512145996094,51238900.0
2021-04-29,395.9015512483027,396.27830753244,392.2469549283813,395.6566467285156,78544300.0
2021-04-30,393.36788217356,394.2250193743092,392.15281638956753,393.0570373535156,85527000.0
2021-05-03,395.063248996931,395.4494335370976,393.4055155681296,393.90472412109375,68128300.0
2021-05-04,391.898478185527,392.3976867595417,387.75410132176967,391.474609375,101591200.0
2021-05-05,393.1323864500582,393.367862743754,391.0319275622129,391.5970764160156,60162200.0
2021-05-06,391.67235973845294,394.8560033695709,389.64726965343823,394.7241516113281,74321400.0
2021-05-07,395.4965548411666,398.2563299454914,394.8089537551282,397.5969848632813,67733800.0
2021-05-10,397.9549980730275,398.1810461517453,393.5374598185131,393.659912109375,81852400.0
2021-05-11,389.1010748698754,391.1449932197083,386.2376747852327,390.1465759277344,116888000.0
2021-05-12,387.3397141685173,388.6206915370808,380.52972872469553,381.8578186035156,134811000.0
2021-05-13,383.4213774465199,388.3946360223145,383.37426493716674,386.4448852539063,106394000.0
2021-05-14,389.2046293737467,393.2359823735868,389.17637336827886,392.37884521484375,82201600.0
2021-05-17,391.25794758430857,392.1998526224339,389.34585276204007,391.38037109375,65129200.0
2021-05-18,391.6441938590445,391.889098423843,387.84831682800296,388.0084533691406,59810200.0
2021-05-19,383.2801001493063,387.1701447184762,381.7824454941061,386.9911804199219,106467100.0
2021-05-20,387.8765177375529,392.4259355737752,387.7540942172112,391.15435791015625,78022200.0
2021-05-21,392.6520070581948,393.9047570422805,390.37261262384055,390.8341369628906,76578700.0
2021-05-24,393.0947177749717,395.901605655156,392.8498132215286,394.81842041015625,51376700.0
2021-05-25,395.9109917071441,396.2689202747315,393.3584367175576,393.9424133300781,57451400.0
2021-05-26,394.5357591056549,395.2327596362568,393.490258309752,394.7241516113281,43088600.0
2021-05-27,395.7603081511699,396.2783444970981,394.648838203994,394.9314270019531,56707700.0
2021-05-28,396.5138433777471,396.7775756907341,395.4024021119209,395.6378784179688,58520200.0
2021-06-01,398.02088700508006,398.16216703605545,394.8466710822812,395.2893676757813,54216600.0
2021-06-02,395.9487255201928,396.7587790236985,394.9314804460092,395.9110412597656,49097100.0
2021-06-03,393.5751136594044,395.59077594307,392.09631552119777,394.441650390625,58138800.0
2021-06-04,396.3065725915034,398.3505193152656,394.50753039312485,398.0491027832031,55938800.0
2021-06-07,398.0396591101791,398.2186233726151,396.7209977643308,397.6629028320313,51555000.0
2021-06-08,398.5295409745946,398.6237372543057,395.90164586206816,397.7477722167969,47134300.0
2021-06-09,398.5954105906578,398.6707790989345,396.9282488394972,397.154296875,48436300.0
2021-06-10,398.3882251175844,399.9612194878292,397.06013530364106,399.0004577636719,51020100.0
2021-06-11,399.5562552846339,399.7728751154639,398.2564213209753,399.6598510742188,45570800.0
2021-06-14,399.7728290285764,400.65822224248575,398.5201077229669,400.55462646484375,42358500.0
2021-06-15,400.7052783431784,400.7429338508384,398.93449216463415,399.8198852539063,51508500.0
2021-06-16,399.9612356213639,400.1872836857351,395.5248698900751,397.5876159667969,80386100.0
2021-06-17,397.1732199375635,398.44476909503226,394.9597367367568,397.4557800292969,90949700.0
2021-06-18,394.1445076208059,394.84378856528497,391.88600435592303,392.0939025878906,118676300.0
2021-06-21,393.8704787790322,397.8961316944145,393.0483448937686,397.7071228027344,72822000.0
2021-06-22,397.6976322796271,400.6743344209096,396.9699741117622,399.8332824707031,57700300.0
2021-06-23,399.9088569584305,400.7215315418571,399.2662730312513,399.351318359375,49445400.0
2021-06-24,401.5153365402954,402.1390022657733,401.2601717229908,401.7137756347656,45110300.0
2021-06-25,402.46984508019256,403.5943816030887,402.1390939548632,403.1407775878906,58129500.0
2021-06-28,403.6698847339421,404.1234597846348,402.46030320093087,403.953369140625,53159600.0
2021-06-29,404.3408365017994,404.98342041365055,403.6320966123077,404.1707458496094,35970500.0
2021-06-30,403.707741901458,405.1913778751165,403.67939345527935,404.510986328125,64827900.0
2021-07-01,405.2764638426567,406.9113013060619,405.2103078487063,406.7506408691406,53441000.0
2021-07-02,407.9223776317537,410.2186881446413,406.8356199726015,409.8595886230469,57697700.0
2021-07-06,409.9163732103604,410.1337305564333,406.3537833540366,409.1131286621094,68710400.0
2021-07-07,409.80295158968175,410.8424427675184,407.7712358740549,410.5589294433594,63549500.0
2021-07-08,405.1913683223734,407.9790904319347,404.0006759335339,407.2136535644531,97595200.0
2021-07-09,408.7350765239626,411.862980043312,407.0151938914558,411.5605773925781,76238600.0
2021-07-12,411.4755676918104,413.28995491465184,411.04088186792274,413.0347900390625,52889600.0
2021-07-13,412.2410056318999,413.75299018145046,411.3621748862629,411.6267700195313,52911300.0
2021-07-14,413.3372465672472,413.8286581909496,410.9842385155383,412.2410583496094,64130400.0
2021-07-15,410.8896741911324,411.570065784364,408.9146554032517,410.8329772949219,55126400.0
2021-07-16,412.02366582278,412.0709036229316,407.2136869158977,407.6105651855469,75874700.0
2021-07-19,402.743918963237,407.67675111926087,398.7560735892965,401.5910339355469,147987000.0
2021-07-20,402.2619144217167,408.6311441190771,401.4586699931471,407.345947265625,99608200.0
2021-07-21,408.5555389221663,410.7857224893791,407.29871932325375,410.6439514160156,64724400.0
2021-07-22,410.82351466262577,411.74961202393416,409.83129014877846,411.50390625,47878500.0
2021-07-23,413.4506070881265,416.0776691924104,412.76078519302274,415.7374877929688,63766600.0
2021-07-26,415.1421373321051,416.7675157367504,415.0948995288935,416.758056640625,43719200.0
2021-07-27,415.7090637255782,415.737412170375,412.0047035194692,414.8585815429688,67397100.0
2021-07-28,415.4918127082245,416.0776999430354,413.2521984802557,414.6885681152344,52472400.0
2021-07-29,415.6240599535205,417.4951151746258,415.6146008580747,416.4083862304688,47435300.0
2021-07-30,413.8191411120321,415.85085680749216,413.68682912766326,414.3861389160156,68951200.0
2021-08-02,416.11540632985,416.6729449770687,413.1575935841132,413.5166931152344,58783300.0
2021-08-03,414.3199536007228,417.0037122550174,412.1086882765231,416.880859375,58053900.0
2021-08-04,415.58620846226256,416.85248705374704,414.5939840613741,414.8302307128906,46732200.0
2021-08-05,416.0020792350527,417.5424122924626,415.68078719220455,417.4573669433594,38969700.0
2021-08-06,417.77859545406943,418.5723807636953,417.4950821614651,418.1471252441406,46930000.0
2021-08-09,418.1188397822016,418.4401318245883,417.03211076027713,417.8070068359375,41222600.0
2021-08-10,418.2605957113771,419.0449509088156,417.5707738008422,418.3267517089844,43339300.0
2021-08-11,419.4039879613032,419.460684854023,418.2699924294986,419.3661804199219,44034300.0
2021-08-12,419.2150258176836,420.76481796130525,418.3078465943507,420.623046875,38909400.0
2021-08-13,421.0766574988041,421.407408640849,420.5852747532026,421.3885192871094,39470300.0
2021-08-16,420.0749672811697,422.5130204562231,418.5062857839432,422.3807373046875,73740000.0
2021-08-17,419.8009185296128,420.48131016575104,416.59742833687983,419.6119384765625,92673900.0
2021-08-18,418.59133598414286,420.16947659573736,414.7736101569021,415.019287109375,89351900.0
2021-08-19,412.2693056665697,416.8714147677765,412.1275634401616,415.6618041992188,92812200.0
2021-08-20,416.0114847982682,419.300019895251,415.5200732817414,418.9692687988281,72008700.0
2021-08-23,420.6703375778311,423.5714540456658,419.04495908875936,422.6548156738281,54973000.0
2021-08-24,423.32562255859375,423.8642718090577,422.8058914957465,423.32562255859375,38744700.0
2021-08-25,423.5147387850854,424.73375097001616,423.1367210013127,424.2140197753906,40529700.0
2021-08-26,423.93047352640207,424.1667202035654,421.61527339342473,421.7097778320313,57829600.0
2021-08-27,422.5224421872804,425.8582440333949,422.4657452932493,425.4802551269531,77235100.0
2021-08-30,426.1606563977796,428.14513425016696,425.9149506255805,427.3513488769531,48357400.0
2021-08-31,427.256850034914,427.5970314113019,426.1134241793354,426.71820068359375,59300200.0
2021-09-01,427.6632064913687,428.1829376747278,426.7087606338361,426.9450073242188,48721400.0
2021-09-02,428.3814283391498,429.0712502548173,427.0489934742005,428.2585754394531,42501000.0
2021-09-03,427.1150483224609,428.6742704245419,426.70868217230606,428.1545104980469,47170500.0
2021-09-07,427.8049517218718,427.8994561664255,425.9433266351223,426.6237182617188,51671500.0
2021-09-08,426.08508403585085,426.8221725377634,424.1667332730187,426.1039733886719,56181900.0
2021-09-09,425.9055909612891,427.6727117820327,424.03450658941966,424.28021240234375,57970400.0
2021-09-10,426.2268067450099,426.65203345429467,420.8120226038084,420.9348754882813,89948200.0
2021-09-13,423.95887577974815,424.2234709202049,419.6780580522937,422.0121765136719,83738600.0
2021-09-14,423.46739045909146,423.6752886645813,418.8369618881301,419.7347106933594,78197100.0
2021-09-15,420.1600259456299,423.74153398857976,419.0449484441306,423.2406921386719,78792200.0
2021-09-16,422.7115054369048,423.694270952334,419.5930316705178,422.56976318359375,77786700.0
2021-09-17,421.7904891820938,422.2170782120078,418.09321066958944,418.4534606933594,118425000.0
2021-09-20,412.2724332182732,413.8650901821634,406.5653690343525,411.4761047363281,166445500.0
2021-09-21,413.8366377386592,415.144901964172,410.5565167060198,411.08740234375,92526100.0
2021-09-22,413.3815394093297,417.1546459669557,411.2011185376486,415.0974426269531,102350100.0
2021-09-23,416.9839950131375,421.7619940328016,416.746991495332,420.140869140625,76396000.0
2021-09-24,418.4914114654164,421.5535078980946,418.27335777343416,420.8330078125,62094800.0
2021-09-27,419.79011347773815,420.9656416818653,418.92741719109546,419.62896728515625,61371100.0
2021-09-28,416.83231367906274,417.1641243937029,410.4332186309359,411.1726684570313,130436300.0
2021-09-29,412.5662367151902,414.3200684938288,411.2959013599792,411.8647155761719,82329200.0
2021-09-30,413.3531546729923,414.0641653463929,406.48954089704966,406.8308410644531,140506000.0
2021-10-01,408.5751127134574,413.3625721758853,405.0200599647951,411.6656188964844,129240100.0
2021-10-04,410.49007780045616,411.4001631747813,404.1952507112338,406.3567504882813,128570000.0
2021-10-05,407.87362524744447,412.8506998596454,407.067836312252,410.5849609375,90682500.0
2021-10-06,406.9539968600453,412.4998850572413,405.313951004836,412.2913208007813,113032200.0
2021-10-07,415.5999120886172,418.7188576239849,415.419787096472,415.8558654785156,72437500.0
2021-10-08,416.6332497810172,417.0219390362654,414.4622893772532,415.0974426269531,74557400.0
2021-10-11,414.4339120230424,417.37276197732206,412.0259477330211,412.0923156738281,65233300.0
2021-10-12,413.0213885008576,413.4290276922701,410.2816133818535,411.0779418945313,71181200.0
2021-10-13,412.1112254025987,413.381560899132,409.1060367313261,412.5567932128906,72974000.0
2021-10-14,416.2540556131405,419.64796259679787,415.7800485206484,419.4962768554688,70236800.0
2021-10-15,421.62929932223005,423.06080996742446,421.0036065024318,422.6910705566406,66260200.0
2021-10-18,420.8898371720941,424.283715049735,420.2262157043693,423.94244384765625,62213200.0
2021-10-19,425.58251877644767,427.27944324995207,424.9662864430067,427.2131042480469,46996800.0
2021-10-20,427.6776258154501,429.1944542335012,427.5638687470381,428.8910827636719,49571600.0
2021-10-21,428.28431201470494,430.237218711895,427.8482336370754,430.00970458984375,41305400.0
2021-10-22,429.5736373482482,431.0335871751429,427.60175180237314,429.5641479492188,58845100.0
2021-10-25,430.66389126331626,432.1996696442053,428.8721594626449,431.8678588867188,45214500.0
2021-10-26,433.4320879999784,434.6550054429738,431.8773308817722,432.2565307617188,56075100.0
2021-10-27,432.7211082347868,433.3941902395241,430.2657259118963,430.3415832519531,72438000.0
2021-10-28,431.7825000403993,434.5696638486182,431.7730395724086,434.4938354492188,51437900.0
2021-10-29,432.1712261926288,435.6694008846183,431.8773441068386,435.3755187988281,70162400.0
2021-11-01,436.3709146968047,436.7501435130001,434.3801080672623,436.12445068359375,48433600.0
2021-11-02,436.29506901706696,438.200586697942,436.1623331504349,437.8877258300781,48908400.0
2021-11-03,437.3188753686437,440.9687352947348,436.8733076021169,440.5610961914063,52509800.0
2021-11-04,441.1677984326187,442.7225553404389,440.8170378678548,442.6372375488281,52847100.0
2021-11-05,444.8840757926736,446.1828505393832,442.64677630250736,444.1730651855469,66390600.0
2021-11-08,445.2822354684964,445.7846817855233,443.8602143149003,444.55224609375,50405200.0
2021-11-09,444.9220049783446,445.1590085143301,441.6608340086963,443.0828552246094,51149100.0
2021-11-10,441.3763795122373,443.0828222028137,438.02043052318135,439.5182800292969,69429700.0
2021-11-11,441.02563457178775,441.101491901753,439.64154207641536,439.6604919433594,34848500.0
2021-11-12,440.9402911995927,443.537840443901,439.9827877492048,442.978515625,53466700.0
2021-11-15,444.27739757664807,444.4385437924986,441.99267983662463,443.1302795410156,46980500.0
2021-11-16,442.86478902228106,446.0311527017011,442.7889606225939,444.8840637207031,48857500.0
2021-11-17,444.6186535577677,444.7987785677267,443.1776824091933,443.8033752441406,47858300.0
2021-11-18,444.8461528537749,445.5761422690584,442.09691759037344,445.3106994628906,50625600.0
2021-11-19,445.196916201274,446.4577912366508,444.14463436962967,444.5143737792969,57315600.0
2021-11-22,446.4103530649623,448.9225845291032,443.0543752033986,443.262939453125,72762000.0
2021-11-23,442.931224569328,444.7134960105439,440.3052354792555,443.8507995605469,73206500.0
2021-11-24,441.8314438354181,445.15898254448217,441.0066762072794,445.0357360839844,61858800.0
2021-11-26,438.3048186340675,439.7837182585969,433.97238742053656,435.1100158691406,112669600.0
2021-11-29,439.944880378607,442.3054260689487,437.7265310073656,440.44732666015625,86268800.0
2021-11-30,437.98250176348944,439.9069691746004,431.6307959014083,431.8772888183594,148559600.0
2021-12-01,437.6412437622592,440.5137253329468,426.8812779225677,427.0803527832031,131939200.0
2021-12-02,427.2984052279261,435.2048393413083,426.9002265766922,433.6216430664063,127637800.0
2021-12-03,435.2996529262213,436.37088457162025,425.58250826952656,429.84857177734375,137331600.0
2021-12-06,432.4177014814524,436.835450918879,429.9812981577669,434.9394226074219,98977500.0
2021-12-07,440.2671950060292,444.5048188375441,434.80662498660274,443.9360046386719,95484700.0
2021-12-08,444.33422268698007,445.5666294513225,442.56141200810754,445.111572265625,72238800.0
2021-12-09,443.8128287316838,445.2159001211101,441.9073399195555,442.1064147949219,61272600.0
2021-12-10,444.8366763097481,446.4198436900409,442.25807674397714,446.2681579589844,77159800.0
2021-12-13,445.7468092956004,446.0975699287167,442.03058081618633,442.3150024414063,87724700.0
2021-12-14,439.0158056649698,441.5280370123804,436.3234493406606,439.2717590332031,97264100.0
2021-12-15,439.3287027817876,446.3819010022353,436.788003030271,446.1354370117188,116899300.0
2021-12-16,448.0029824016901,448.2873750289223,440.63689511437065,442.2011413574219,116568600.0
2021-12-17,439.09315576938906,442.1279478308232,435.7729718973369,437.4949035644531,135511600.0
2021-12-20,432.36716210901295,433.2423829997839,429.189674203804,432.84283447265625,107134800.0
2021-12-21,436.296167667142,440.6723589807062,434.1080865267276,440.5296630859375,69806300.0
2021-12-22,440.2728041706831,445.0485439212115,440.0730008881327,444.9343872070313,58890200.0
2021-12-23,445.9428567273652,449.2154850278875,445.8382227393675,447.7028503417969,56439700.0
2021-12-27,449.0918138971863,454.0863739852132,449.0442582713481,454.038818359375,56808600.0
2021-12-28,454.4764039511078,455.51336621916977,452.8971682210287,453.6677551269531,47274600.0
2021-12-29,453.77243552863416,455.2755474798393,452.7640124024263,454.24810791015625,54503000.0
2021-12-30,454.6761792885811,455.6941251163012,452.5261599436548,452.9923095703125,55329000.0
2021-12-31,452.4975833997319,453.6581960016607,451.574777927641,451.85064697265625,65237400.0
2022-01-03,453.1254584305079,454.6000601007634,450.7946813895008,454.46685791015625,72668200.0
2022-01-04,455.9034864790663,456.6265178655359,452.440577241492,454.3147277832031,71178700.0
2022-01-05,453.943625337532,454.72373493327,445.49568003913816,445.5908203125,104538900.0
2022-01-06,445.1247161033533,447.9121492973956,442.7843870775043,445.1722717285156,86858900.0
2022-01-07,445.18174761931215,446.3709284506141,442.0422928050338,443.4122314453125,85111600.0
2022-01-10,440.1872277237747,443.0792948620805,434.3840189384609,442.8605041503906,119362000.0
2022-01-11,442.5941277456992,446.9893358380272,439.56882938093537,446.8941955566406,74303100.0
2022-01-12,448.6446599412308,450.17634006108017,446.1236022008908,448.1023864746094,67605400.0
2022-01-13,449.2154656602354,449.8718958396556,440.8911993602203,441.92816162109375,91173100.0
2022-01-14,438.7506715527744,442.460910135736,437.5234287409244,442.1089172363281,95890900.0
2022-01-18,437.3712898335385,437.5805868703589,433.1568389445223,434.2794189453125,109709100.0
2022-01-19,435.8396040870791,437.2475758302126,429.4941214061469,429.77001953125,109357600.0
2022-01-20,431.6726575274006,436.4198582888517,422.8727190543903,425.0132446289063,122379700.0
2022-01-21,423.8812254123804,426.2595876292255,416.64150476002,416.6700439453125,202271200.0
2022-01-24,411.0094532738382,418.9531873967836,400.2878088602572,418.439453125,251783900.0
2022-01-25,411.9893499471079,418.3253093866,406.3668990611703,413.3307495117188,167997300.0
2022-01-26,419.2766907456176,422.43516251974654,407.99372606956337,412.2938232421875,186391100.0
2022-01-27,416.9363318189082,420.10429685224346,408.55498744898046,410.25787353515625,149878300.0
2022-01-28,411.6278237837796,420.49436348392175,407.0043024105975,420.4468078613281,164457400.0
2022-01-31,419.7712694869993,428.3714325435244,418.4108537174518,428.0194396972656,152251400.0
2022-02-01,428.75208027003447,431.5585591267441,425.19405990250624,430.9116516113281,123155400.0
2022-02-02,433.3375101633509,435.8300286281636,431.00670403894975,435.0975036621094,117361000.0
2022-02-03,429.0088996423524,430.93060546469786,424.0238337236349,424.87054443359375,118024400.0
2022-02-04,424.63268148053504,430.7498204846375,422.2352744315703,426.8683471679688,118454400.0
2022-02-07,427.6389998686877,429.04697155726353,424.1570745020062,425.49847412109375,84472900.0
2022-02-08,424.9942667457065,429.9317485081784,423.5577268282209,428.9994201660156,81012000.0
2022-02-09,433.0711629829756,435.6017435295236,432.87138871246174,435.2782897949219,92589900.0
2022-02-10,429.3799273400882,435.43998863039553,425.44137525137256,427.4582214355469,140103700.0
2022-02-11,427.5438750655196,429.6368162304189,417.58329373140737,419.0293273925781,153214600.0
2022-02-14,418.5155962964135,420.1138485127648,414.15842107160734,417.6593627929688,123006300.0
2022-02-15,422.1401847002441,424.56610201765625,421.6169277073564,424.3948669433594,88482700.0
2022-02-16,422.3304413364533,426.2594995520665,420.4372746935032,424.87054443359375,84863600.0
2022-02-17,421.6549331360031,424.8419431890077,415.18580180106113,415.7946472167969,102259100.0
2022-02-18,416.0516237887484,417.3169286772456,410.80973349176696,413.10247802734375,132642900.0
2022-02-22,410.8762856570296,414.3106261655353,405.1396491156178,408.6691589355469,124391800.0
2022-02-23,411.6088158406434,412.1796284872362,400.8491092284072,401.419921875,132578000.0
2022-02-24,391.0217016763123,407.8985769807177,390.6602150652989,407.4609375,213942900.0
2022-02-25,408.7072414837603,416.5368199439784,407.042388019027,416.4512023925781,121804500.0
2022-02-28,411.00948930284727,416.87929944355534,409.7442135039651,415.38568115234375,145615000.0
2022-03-01,413.8729750788663,415.8993437816682,406.3287901142295,409.0591735839844,137785900.0
2022-03-02,411.3328790528888,418.32526799235706,410.5718149508346,416.5843200683594,117726500.0
2022-03-03,419.0388167247073,419.6476622582844,412.693334565764,414.5104064941406,105501700.0
2022-03-04,410.74309211192974,412.28426594780655,407.0613926078379,411.1426696777344,113978200.0
2022-03-07,410.5527843109395,411.26629281967087,398.95589035974,399.0224914550781,137896600.0
2022-03-08,399.2032805901927,406.4239837812008,394.92222920189033,395.9972534179688,164772700.0
2022-03-09,404.4547460652673,408.61211823568055,402.247619140359,406.6142883300781,116990800.0
2022-03-10,401.9622270199793,405.68198897336447,399.9834424500202,404.7782287597656,93972700.0
2022-03-11,407.289691454699,407.9080597079129,399.1176439027065,399.6313781738281,95636300.0
2022-03-14,400.41149934845794,403.8933955288673,395.5596353946392,396.7107543945313,95729200.0
2022-03-15,399.34603138329487,406.07204667898486,398.06173901647935,405.4346618652344,106219100.0
2022-03-16,408.9736478442885,414.4819135729484,404.1312770522876,414.4248352050781,144954800.0
2022-03-17,412.49355024221614,419.609619140625,412.1130181639173,419.609619140625,102676900.0
2022-03-18,417.9835087540319,424.5299944783409,417.2391557252776,424.2055358886719,106345500.0
2022-03-21,424.03374944960143,426.056861223839,420.54100720574695,424.08148193359375,88349800.0
2022-03-22,425.4842427490447,429.9885405356735,425.4842427490447,429.0437927246094,74650400.0
2022-03-23,426.4863829546476,427.9941647290559,423.4326101135739,423.51849365234375,79426100.0
2022-03-24,425.5606554760669,429.91226228276827,424.4345881714671,429.9027099609375,64736900.0
2022-03-25,430.5420277548404,432.27886089061775,427.9367780511743,432.0021057128906,77101300.0
2022-03-28,431.4009505741884,435.0750122070313,429.4923501543148,435.0750122070313,68529800.0
2022-03-29,438.9971363181606,440.95346906287335,436.28692743753953,440.4572143554688,86581500.0
2022-03-30,439.3025248855309,440.1232381534648,435.6093879871519,437.7374877929688,79666900.0
2022-03-31,436.9645287864238,437.79476529359073,430.5420780115882,431.0001525878906,121699900.0
2022-04-01,432.59381109519086,432.7369502972175,428.61439566420177,432.2216491699219,89048800.0
2022-04-04,432.42202073524425,436.0292740464502,431.5917842853289,435.9242858886719,59601000.0
2022-04-05,434.41655006209146,436.9072596730443,429.2633346660708,430.41802978515625,74214500.0
2022-04-06,426.4672512967876,428.414002831864,423.20353163844754,426.1141357421875,106898000.0
2022-04-07,425.2265935473344,430.0935300591319,423.2607375995891,428.2612609863281,78097200.0
2022-04-08,427.4978947047531,430.0363369271341,425.5606663143746,427.1161804199219,79272700.0
2022-04-11,423.81422569926906,424.6635668118989,419.3099569486247,419.8157348632813,89770500.0
2022-04-12,422.8313618680801,425.3793564696617,416.69521796111775,418.2602844238281,84363600.0
2022-04-13,418.01207781249104,423.8142096921054,417.8307584609785,423.05078125,74070400.0
2022-04-14,423.27986116881056,424.405957589073,417.6781234016021,417.7831115722656,97869500.0
2022-04-18,416.84790319938855,419.65354835392026,415.7027312136042,417.9548950195313,66002500.0
2022-04-19,417.8498544211407,425.4270000275868,417.6780873817031,424.7017517089844,77821000.0
2022-04-20,426.49586526577247,427.1161545814654,423.21307019353713,424.3868408203125,65224400.0
2022-04-21,428.0418174916599,429.4446399428074,417.1246209342916,418.0407409667969,85417300.0
2022-04-22,416.9433069501704,418.05982188355927,405.99748241056807,406.570068359375,132471800.0
2022-04-25,404.3084057916933,409.0989826342427,399.6991192062634,408.9272155761719,119647700.0
2022-04-26,406.3696423996233,406.5700664106503,397.0556922272028,397.0843200683594,103996300.0
2022-04-27,398.1722998865512,403.5927484323352,396.0442285781287,398.200927734375,122030000.0
2022-04-28,402.99145891890487,410.0055715495226,398.5157884366503,408.2591857910156,105449100.0
2022-04-29,404.23202798487074,406.40783132849606,392.4177865639049,393.1716918945313,145491100.0
2022-05-02,393.23852394038806,396.9125858483123,386.5106894828541,395.5383911132813,158312500.0
2022-05-03,396.0441453350344,399.78498590477767,394.4695266668766,397.3515319824219,100028200.0
2022-05-04,398.0195592399271,410.0246734111456,394.803571864922,409.45208740234375,144247900.0
2022-05-05,405.14813094235217,405.5775776737672,390.7286691598279,394.8989562988281,172929100.0
2022-05-06,392.312816871632,395.8437101273166,387.18822947262265,392.5418395996094,151770800.0
2022-05-09,386.5870177776935,387.8371487128765,378.3800302132981,379.9737243652344,155586100.0
2022-05-10,386.0048691827111,387.5222029690251,376.7768027821776,380.8516540527344,132497200.0
2022-05-11,379.8782445622631,385.5754172756751,374.0474558569832,374.8013610839844,142361000.0
2022-05-12,371.5758833451584,377.7120269575783,367.5487351289008,374.41015625,125090800.0
2022-05-13,378.5804273515947,384.7547508621144,377.5306912982353,383.3614807128906,104174400.0
2022-05-16,381.701010193717,385.5086587293736,379.4297710240512,381.8059692382813,78622400.0
2022-05-17,387.9516456213275,389.8984261159047,384.1821483135186,389.6598510742188,83029700.0
2022-05-18,385.0601250281532,385.346403434764,372.7019259710143,373.9520568847656,117674500.0
2022-05-19,370.8601954041927,376.1279519471288,369.4191925639424,371.6618041992188,98510700.0
2022-05-20,375.27859811820673,378.8858521367269,363.1494492933978,371.8240356445313,131432200.0
2022-05-23,374.87773977302686,379.5538341140032,372.53972172547,378.7808532714844,76414900.0
2022-05-24,374.62004677844726,377.0916805549168,369.27596036743824,375.8892822265625,91448800.0
2022-05-25,374.3814792983331,381.19519616236624,373.9806895551127,379.2102355957031,91472900.0
2022-05-26,380.45081628528055,388.4383030973907,380.2408691079632,386.787353515625,82168300.0
2022-05-27,389.2686024700032,396.3972262093734,389.06820758016215,396.28271484375,84768700.0
2022-05-31,394.6508350467952,397.4278521164115,391.2917088356814,394.0591735839844,95937000.0
2022-06-01,396.1968377431493,397.2179168518006,388.3333840753184,390.871826171875,86585800.0
2022-06-02,390.7096249391152,398.3631025337092,388.4383856625304,398.3153991699219,79609600.0
2022-06-03,393.5533962564281,395.1184625618482,390.79548382514815,391.7784118652344,71874300.0
2022-06-06,395.8246312045842,397.5709877362592,391.7879309211031,392.9712829589844,57508900.0
2022-06-07,389.4498848817779,397.1987971982044,388.9822580192843,396.74072265625,59272400.0
2022-06-08,395.0134830883503,396.817124483218,391.62572895640926,392.4273376464844,64350000.0
2022-06-09,390.6332033215911,392.92351775976806,383.09423828125,383.09423828125,86289800.0
2022-06-10,376.83400554560177,377.6928697595025,371.9384416665636,371.9861450195313,132893900.0
2022-06-13,362.4909102842212,364.3613303850095,356.24022695759936,357.862548828125,170004900.0
2022-06-14,359.62803527808586,360.6682189986832,353.6541067219723,356.7842102050781,104011800.0
2022-06-15,360.1146980459652,366.35582930999794,355.11417447625564,361.8706359863281,125666800.0
2022-06-16,353.5778098205212,353.988151955779,347.441636821467,349.8941955566406,134473300.0
2022-06-17,350.3130435164958,354.0221341889106,347.11191563709605,350.6484680175781,111113900.0
2022-06-21,356.42771819113824,360.874782890546,356.3510280203192,359.4754943847656,76811900.0
2022-06-22,355.2105503946514,362.9737786719603,354.78884214510737,358.8238220214844,90059400.0
2022-06-23,360.9802126304766,363.07913069539904,357.38612877130987,362.3411560058594,79292100.0
2022-06-24,365.5422899205792,373.8709827435508,365.5135384191254,373.86138916015625,98050300.0
2022-06-27,374.7910911883092,375.0881998109352,371.3312001479796,372.4333801269531,66009600.0
2022-06-28,374.005189440802,376.8133600963493,364.7084803181509,364.823486328125,86548900.0
2022-06-29,365.3794689183531,366.376207392154,362.6863036741885,364.5264587402344,65676000.0
2022-06-30,360.5969251790056,364.833166122713,357.06993687895454,361.56494140625,112508300.0
2022-07-01,360.9035970053709,365.8299030052341,358.2583413790639,365.3890075683594,74839700.0
2022-07-05,360.2518747779475,366.0982582152191,357.3957650335138,366.0790710449219,81438000.0
2022-07-06,366.2228444053877,369.8265227287697,363.8172235766818,367.3154602050781,70426200.0
2022-07-07,369.1076819309727,373.62184388034007,367.3345943918045,372.8167724609375,64525900.0
2022-07-08,371.1682863639944,374.3981948912325,369.6252401147032,372.5101013183594,72397800.0
2022-07-11,369.8074008203323,370.7849814346762,367.55510164887687,368.2547607421875,58366900.0
2022-07-12,367.6987604773349,370.1044101431481,363.2325084308412,364.9960021972656,62219200.0
2022-07-13,359.5042655908138,366.04071369671067,359.0825573743861,363.07916259765625,84224600.0
2022-07-14,358.0762144511907,363.2900351658352,355.61309086715886,362.1974487304688,89704800.0
2022-07-15,366.644532509908,369.2322850782175,364.7181230855962,369.1172790527344,79060400.0
2022-07-18,372.2321382303719,372.9126100212118,364.8331153007788,366.0694885253906,63203600.0
2022-07-19,370.0277504955055,376.53544754043486,369.3664658711822,375.96038818359375,78506000.0
2022-07-20,376.15205489007207,379.7844841146986,374.7719242413679,378.3564147949219,71843800.0
2022-07-21,377.7718191775275,382.257229494255,375.3470114027863,382.2093200683594,64903900.0
2022-07-22,382.33392157500526,383.5415140516764,376.4204418031425,378.66314697265625,72197300.0
2022-07-25,379.2957390265327,379.98580445952473,376.8613374644863,379.1232299804688,53631500.0
2022-07-26,377.4650849566957,377.6759390604827,373.7368369268148,374.63775634765625,52946400.0
2022-07-27,377.96349889416575,386.1292776554341,377.6663902466181,384.3657836914063,82342100.0
2022-07-28,385.18041613085296,389.8862446661955,381.595896244646,389.1866149902344,73966600.0
2022-07-29,390.6338269277498,395.8572412154337,389.8575070481192,394.8604736328125,87003700.0
2022-08-01,392.1385528850216,396.2214420202733,391.41973602311015,393.6911926269531,69997500.0
2022-08-02,392.1098281488482,395.82851231479935,389.9054679879934,391.0939025878906,63435400.0
2022-08-03,393.2407240712311,398.3970415915023,392.9532090324076,397.21820068359375,67820600.0
2022-08-04,397.1414960375506,397.8315613543167,395.29174777480654,396.9498291015625,45656600.0
2022-08-05,392.62737371419047,396.9306814766419,392.5698707027924,396.2789611816406,56814900.0
2022-08-08,397.98492226991846,400.2563787960929,394.7071046222389,395.8188781738281,53886100.0
2022-08-09,395.08092372444605,395.5888864789882,393.16407872636495,394.2471008300781,44931800.0
2022-08-10,401.36817949580313,402.6716493250059,399.39383145561817,402.5278625488281,68665700.0
2022-08-11,405.40313009263934,407.2816592803511,401.7802941573866,402.5278625488281,59489700.0
2022-08-12,404.4830455553845,409.44766707403227,403.5246230576348,409.3422546386719,61694500.0
2022-08-15,407.10910828194,411.556202650181,407.0516052727586,411.029052734375,54048300.0
2022-08-16,409.9460131956583,413.7797026975975,409.13134832675024,411.8341064453125,59289000.0
2022-08-17,408.2016654943863,411.6423982117335,406.888631558234,408.910888671875,63563400.0
2022-08-18,409.1122534389072,410.7894929743216,407.8088127536356,410.0994567871094,49023200.0
2022-08-19,407.31041745274166,407.5787745912739,403.70673937925136,404.5885009765625,68016900.0
2022-08-22,399.71005528782734,399.8825935510498,395.25339692107417,396.1639099121094,77695600.0
2022-08-23,395.7326871386847,398.1479308187162,394.64966491692286,395.20556640625,49105200.0
2022-08-24,394.9754761049733,397.8507435588888,394.28543999481735,396.47064208984375,49177800.0
2022-08-25,397.97532749114254,402.115719481446,396.873147526954,402.06781005859375,50942300.0
2022-08-26,401.9527634698253,402.4990419803782,388.4006573992798,388.4581604003906,103087000.0
2022-08-29,385.47753379011743,388.9661764137198,384.5191113085396,385.8896484375,65370800.0
2022-08-30,387.0589597024564,387.2985653443114,379.5353366984595,381.6534423828125,85652400.0
2022-08-31,383.30189644071856,384.5574275530069,378.6152257102167,378.7493896484375,76029700.0
2022-09-01,376.55463590342487,380.2828842768954,373.8231258863221,379.9378662109375,78740100.0
2022-09-02,383.6373347474921,384.8641143059687,374.101019729376,375.9316101074219,99632100.0
2022-09-06,376.7846095249661,377.733438358328,372.2704481299422,374.5131530761719,76637400.0
2022-09-07,374.1968612820479,382.0175917988936,373.9764428429504,381.24127197265625,70964200.0
2022-09-08,378.9507264279539,384.1932699791154,377.7335110049169,383.7332458496094,80821700.0
2022-09-09,385.9951448378576,390.5668397886688,385.72678765458846,389.6946716308594,76706900.0
2022-09-12,391.7839563948969,394.6113145272304,391.47725416892655,393.8829040527344,69256300.0
2022-09-13,385.1229307779976,386.3401461684979,375.62498879036855,376.75592041015625,122947100.0
2022-09-14,378.0689123621742,379.72699376241167,374.8581912425873,378.1935119628906,85023700.0
2022-09-15,376.62163517867305,379.4969022035737,372.61543681033976,373.8997192382813,87633800.0
2022-09-16,369.6808291022528,371.71139375163744,367.7272109293128,371.04736328125,103084800.0
2022-09-19,367.87155402502384,373.9247741699219,367.7945488179989,373.9247741699219,73278500.0
2022-09-20,370.5661498096465,371.5862485386399,366.8514562057426,369.6326599121094,77274900.0
2022-09-21,371.57662235796494,374.65618458765,363.1752424949824,363.1848754882813,106746600.0
2022-09-22,362.4053094829139,364.0605689149768,359.3835160756926,360.1341552734375,89472600.0
2022-09-23,356.6312314915096,356.6697341013716,349.6156506840159,354.1002502441406,122346900.0
2022-09-26,352.61815937576506,356.2751138470263,349.3653794610618,350.5971984863281,92581200.0
2022-09-27,354.16754240423256,356.4579627765468,347.28667766286367,349.70220947265625,108294100.0
2022-09-28,350.66453371089864,358.2864039479371,348.9515351007009,356.5830383300781,110802200.0
2022-09-29,353.00313561182685,353.2918317549747,346.1607726992544,349.13446044921875,112952300.0
2022-09-30,348.18169236675726,352.1370056040548,343.60088063062204,343.735595703125,153711200.0
2022-10-03,347.48876096374755,354.6775877198943,345.6891533686318,352.81060791015625,89756500.0
2022-10-04,358.3826922250454,363.7719116040674,352.77214894457154,363.7430419921875,103602800.0
2022-10-05,359.3354965073142,365.1769974688644,356.9873365288336,362.8962097167969,88065700.0
2022-10-06,361.481481503714,364.46480191672816,358.65214213957154,359.152587890625,82333500.0
2022-10-07,355.0818359491475,359.2392366237888,347.354089249446,349.13446044921875,107789500.0
2022-10-10,350.2603880983618,350.50097799582414,344.20716742380444,346.4686889648437,76042800.0
2022-10-11,344.75568540364674,349.36539599992454,342.3209168490355,344.2745056152344,92482800.0
2022-10-12,344.68833015037825,346.2762175212239,342.88869313661183,343.138916015625,76991800.0
2022-10-13,336.0655186504364,353.676713333672,335.00691743414166,352.1946716308594,147254500.0
2022-10-14,354.6776525565304,356.32330877460225,343.5239072562565,344.168701171875,123737000.0
2022-10-17,350.3084676472299,354.1290357823688,343.8317780710625,353.0126953125,93168200.0
2022-10-18,361.0099300081274,361.31789210184047,353.68635881808774,357.1604919433594,97162900.0
2022-10-19,355.10109397099734,357.8534579667284,351.79057427524526,354.6295471191406,79746900.0
2022-10-20,354.17720019106514,358.642562804113,350.88591745740626,351.65582275390625,88283100.0
2022-10-21,351.37671849964545,360.6923520091851,349.8562033143349,360.2015686035156,131038400.0
2022-10-24,361.7413789650952,365.7544022149723,359.0659909733299,364.6091918945313,85436900.0
2022-10-25,364.53224873687066,370.74908434187137,364.41677026880376,370.4315185546875,78846300.0
2022-10-26,367.2556260403501,372.9912804112845,366.9957995493151,367.64056396484375,104087300.0
2022-10-27,368.6510554523581,370.50840221231954,365.05181100288513,365.6773681640625,81971800.0
2022-10-28,365.571491806896,374.858254936416,365.3886411557662,374.3770751953125,100302000.0
2022-10-31,371.89420481868376,373.7804212016479,370.7586276654927,371.6728515625,96631300.0
2022-11-01,375.45493257095166,375.6955224351504,368.8627644181319,370.0464477539063,85407600.0
2022-11-02,369.44980978497256,374.001780837233,360.6538591408728,360.75970458984375,126990400.0
2022-11-03,357.48775169263547,360.1150041932184,354.90863479740995,357.0450744628906,87100100.0
2022-11-04,362.8095488271917,364.609156479117,356.07303200546664,362.18402099609375,103505200.0
2022-11-07,363.4927629775348,366.24512615021285,361.3948265212132,365.6484680175781,68286900.0
2022-11-08,366.7648542643237,370.6239256710497,363.5024704814216,367.6213684082031,84641100.0
2022-11-09,365.629281440746,366.793757720373,359.5471616260403,360.047607421875,78495500.0
2022-11-10,373.4435979246692,380.1705109031337,371.1243373389023,379.8336791992188,141455800.0
2022-11-11,380.6997547833526,384.3182355563947,378.7942725822314,383.5098571777344,93839900.0
2022-11-14,381.7295394766488,385.1170344918922,379.96840506811,380.24749755859375,71903500.0
2022-11-15,386.05054164140967,387.16688228425386,379.6412232811692,383.49066162109375,93194500.0
2022-11-16,381.84498864705984,382.807348115334,379.929902703236,380.5650634765625,68508500.0
2022-11-17,375.762946920887,380.08396179158456,375.4550141481551,379.4006652832031,74496300.0
2022-11-18,382.7689177938408,382.8362900178735,378.2458450601618,381.123291015625,92922500.0
2022-11-21,379.7855928749764,380.9211701132829,377.8801103632461,379.7374572753906,51243200.0
2022-11-22,381.7006596517402,385.01117873734574,380.2763569948089,384.8475646972656,60429000.0
2022-11-23,384.5107087704567,387.76348842968486,384.2797518991344,387.272705078125,68261600.0
2022-11-25,386.704946906793,387.7443117261016,386.4258837671188,387.1861267089844,30545400.0
2022-11-28,384.06807837532085,385.7233380152527,380.2378767028702,381.0077819824219,67881600.0
2022-11-29,381.1425366836467,382.34548627470593,378.49604758331645,380.3534240722656,52310000.0
2022-11-30,380.603581661163,392.3347473144531,378.669258872316,392.3347473144531,144566700.0
2022-12-01,393.3837461936113,394.5674591438418,389.5150709474877,392.0460815429688,76398200.0
2022-12-02,387.10918088904094,392.5080045913228,387.0033354214135,391.5937805175781,85342700.0
2022-12-05,388.745158349772,389.68825192816416,383.1827212342418,384.54925537109375,77289800.0
2022-12-06,384.3856271712108,384.9341497412578,376.8984717717922,379.0060119628906,77972200.0
2022-12-07,378.1495773241654,380.7479599487779,377.216087352837,378.3612976074219,65927900.0
2022-12-08,380.26677586493946,382.4031859233919,378.46713879312887,381.3253479003906,60737900.0
2022-12-09,380.0742352644039,382.6533514857669,378.3516036630916,378.4767150878906,81447700.0
2022-12-12,379.275473451353,383.9333190917969,378.60183944931725,383.9333190917969,75405800.0
2022-12-13,394.7791578944418,395.0389844147016,384.0488541845209,386.8396911621094,123782500.0
2022-12-14,386.4932310875342,390.2368240889292,381.39273687289,384.3664245605469,108111300.0
2022-12-15,379.45837520934816,380.3726285688953,373.2896760719886,374.9641723632813,117705900.0
2022-12-16,372.38384349117297,373.7373278827568,368.3813946829361,370.5372924804688,119858000.0
2022-12-19,370.7306622854143,371.0690407612983,365.7130780252624,367.395263671875,79878100.0
2022-12-20,366.6315323950158,369.5318687748408,365.2973729396968,367.8980102539063,74427200.0
2022-12-21,370.5179753689657,374.5397787203349,369.9765816008725,373.3989868164063,78167400.0
2022-12-22,370.3245723752597,373.3795966336273,362.3196458514973,368.0719909667969,100120900.0
2022-12-23,367.03753146517226,370.3342504077494,365.4713546750832,370.1892395019531,59857300.0
2022-12-27,370.07323722730376,370.4212634072804,367.0375378622508,368.7294006347656,51638200.0
2022-12-28,368.6617212644201,370.65331259779833,363.9148636487998,364.1468811035156,70911500.0
2022-12-29,367.01820512663,371.5814018021739,366.48645913572494,370.7016296386719,66970900.0
2022-12-30,367.9946461194625,369.870169590767,365.8580440218217,369.7251586914063,84022200.0
2023-01-03,371.6007232288444,373.59228498534856,365.2779822862928,368.1686706542969,74850700.0
2023-01-04,370.4502686572136,373.0605830436403,367.3759193603078,371.0110168457031,85934100.0
2023-01-05,369.038778466024,369.1547871931726,366.1771216826261,366.7765197753906,76970500.0
2023-01-06,369.8991586614532,376.3185829472568,366.8054847376711,375.18743896484375,104189600.0
2023-01-09,377.4014165884856,380.6208063538123,374.7911316610883,374.9747924804688,73978100.0
2023-01-10,374.3850406394487,377.6720822226874,373.4375869197752,377.6044006347656,65358100.0
2023-01-11,379.1996293012979,382.45766887856325,378.3778614856572,382.38031005859375,68881100.0
2023-01-12,383.4920858645067,385.2516005194525,379.3832767542837,383.7724304199219,90157700.0
2023-01-13,380.54343712155054,385.8413951573975,380.2727402586237,385.2613220214844,63903900.0
2023-01-17,385.2420372365573,386.9339001821923,383.86919832187857,384.55560302734375,62677300.0
2023-01-18,385.7544178597761,386.8275281643932,378.2812071254584,378.4842224121094,99632300.0
2023-01-19,376.4249647387962,378.0878253901528,374.3947529409015,375.7289123535156,86958900.0
2023-01-20,377.1404433794929,382.8831122320352,375.4775825416566,382.7284240722656,91806400.0
2023-01-23,383.5404483701072,389.2734390000284,382.57366966676494,387.320556640625,84178800.0
2023-01-24,385.6286912309607,387.8232682509548,384.4298950883421,386.9048461914063,59524900.0
2023-01-25,382.7960150812505,387.38821363050886,380.48539996519565,387.0498352050781,84800300.0
2023-01-26,389.73756443100297,391.4681068420332,386.7405440805663,391.3037414550781,72287400.0
2023-01-27,390.24993725303113,394.6004418898706,390.0372447350802,392.2028198242188,68346200.0
2023-01-30,389.41843293177686,391.6710437344802,386.9821613268885,387.2818603515625,74202000.0
2023-01-31,387.8039547265191,393.0245539413983,387.4558990435297,392.9762268066406,86811800.0
2023-02-01,391.74839003332494,399.92735910448135,388.98341710417714,397.1526794433594,101459200.0
2023-02-02,401.07779293076095,404.41319121075577,399.16359000810667,402.93402099609375,101654500.0
2023-02-03,397.916483786078,403.1177584642002,397.4330943848213,398.6512451171875,94736800.0
2023-02-06,396.1762243649442,397.626392314762,394.5423661145168,396.2148742675781,60295300.0
2023-02-07,395.2867720714591,402.6536204805971,394.02997165922136,401.3968200683594,90990700.0
2023-02-08,399.40531236699735,400.7587967252585,396.3116085449037,397.0076904296875,76227500.0
2023-02-09,400.64280691613214,400.79749506491686,392.32850331737615,393.5659790039063,78694900.0
2023-02-10,392.3768357950654,394.8711416605061,391.5550974051024,394.48443603515625,70769700.0
2023-02-13,395.1417881132916,399.2505975536563,394.67772371985546,399.115234375,64913500.0
2023-02-14,397.578065797823,401.26149030908425,394.9387788116209,398.93157958984375,88389300.0
2023-02-15,396.7176091828586,400.3043495709558,395.86683928402607,400.2270202636719,61555700.0
2023-02-16,395.2094972725008,399.1926210401893,394.5810969797095,394.7164306640625,76431500.0
2023-02-17,392.57013945359233,393.9719803089983,390.62690491007976,393.7302856445313,89257800.0
2023-02-21,389.6698388747305,390.7333013957311,385.5707064342329,385.8317260742188,82655900.0
2023-02-22,386.2474426204221,387.8039717782475,383.8304957013582,385.3000183105469,83742300.0
2023-02-23,388.2196126624289,388.8383651288731,383.0860206513499,387.3495178222656,96242400.0
2023-02-24,382.28366214576,384.0528542573553,380.5627971696402,383.2117614746094,108194400.0
2023-02-27,386.5857364710411,387.9585750022207,383.5693920968889,384.516845703125,80444700.0
2023-02-28,384.0335407455385,386.0154254190155,382.98940315369714,383.09576416015625,96438600.0
2023-03-01,382.2739448547599,383.5114203314533,380.3113853994476,381.6261901855469,99706800.0
2023-03-02,379.63468887638265,385.44503885619656,379.2963103985092,384.5942687988281,85127800.0
2023-03-03,386.4310890580047,391.01363995863846,385.7736866515824,390.7622680664063,90120000.0
2023-03-06,391.5937081771072,393.91400070480057,390.5882795524348,391.0329895019531,72795900.0
2023-03-07,390.98468399874514,391.2263786917728,384.4202478750629,385.0389709472656,108310600.0
2023-03-08,385.154997362672,386.4311228798466,383.4147779240316,385.6673889160156,74746600.0
2023-03-09,386.4601228702266,388.1423379350798,377.556098963896,378.5518798828125,111945300.0
2023-03-10,378.000791872376,380.09871461859655,371.552394509817,373.0895690917969,189253000.0
2023-03-13,369.1258084161372,377.42078697815566,368.00434147635104,372.557861328125,157790000.0
2023-03-14,377.5270686617832,380.3790775248741,374.1916704662189,378.7162170410156,149752400.0
2023-03-15,373.0702611544312,376.55064100623656,370.9626610839545,376.3476257324219,172996900.0
2023-03-16,373.9693906244119,383.2988003464193,373.4569990294259,382.9507446289063,143254200.0
2023-03-17,381.60761578657866,382.7527614817433,377.0755149668933,378.4729919433594,140553400.0
2023-03-20,379.2591245774383,382.52962870222814,378.5507014398116,382.1123046875,93055800.0
2023-03-21,385.5088214947421,387.61475075594274,383.8978405482387,387.1295166015625,91524200.0
2023-03-22,386.95489092721976,390.6038321148106,380.4915675764856,380.5303649902344,111746600.0
2023-03-23,383.42233414739775,387.4983130352313,378.822323678022,381.5590515136719,119351300.0
2023-03-24,380.268331243496,384.1502048122736,377.900385997234,384.0628662109375,107682400.0
2023-03-27,386.3629047306469,387.1392972808618,383.8785078026541,384.7810363769531,74010400.0
2023-03-28,384.0822298721713,384.7809682354503,382.0636688317778,383.9172668457031,62871700.0
2023-03-29,388.1194194018951,389.7401146581548,386.90633390408976,389.49749755859375,77497900.0
2023-03-30,392.1566045137155,392.4089357957368,389.895425986598,391.7781372070313,69840000.0
2023-03-31,392.7097530726308,397.6009221855854,392.60298614628937,397.3000793457031,112062600.0
2023-04-03,396.77603618761646,399.221606047356,396.3781405646604,398.8140258789063,67391100.0
2023-04-04,399.464243731977,399.7554020550663,395.2135869154709,396.6013793945313,66601500.0
2023-04-05,395.86380062270194,396.6304790133016,393.89375079598193,395.5629577636719,65200200.0
2023-04-06,394.75744086790206,397.3874316919931,393.6996338110333,397.1059875488281,63743300.0
2023-04-10,394.602144584938,397.5912038623676,393.9810602052244,397.5135498046875,63681000.0
2023-04-11,398.1443615034366,399.03717581543225,396.8439374463339,397.6203002929688,59297900.0
2023-04-12,399.7067995222836,399.997957800693,395.40763178650366,395.9996032714844,86420400.0
2023-04-13,397.0962646665832,401.6186510996425,395.9414048667764,401.2595825195313,85814800.0
2023-04-14,400.6190888348655,402.8317557734293,397.9503005283528,400.2794189453125,78161500.0
2023-04-17,400.1920557220782,401.7350969486112,398.9498573350132,401.7156982421875,66436400.0
2023-04-18,403.30728980381537,403.44316961087713,400.5899898260658,401.9777526855469,63560000.0
2023-04-19,400.04650809005335,402.82203365818,399.988282352005,401.9098205566406,55227300.0
2023-04-20,399.0663563050463,401.48284308614257,398.1541135166781,399.7165832519531,75840400.0
2023-04-21,400.0174159646591,400.49293605549497,398.0570802438991,400.0271301269531,73457400.0
2023-04-24,399.82325248521954,400.8713749052698,398.47431685747074,400.4443664550781,64332100.0
2023-04-25,398.4549069191568,399.017795182354,394.029573336948,394.0877990722656,97766700.0
2023-04-26,394.7088998740794,395.7958197187947,391.8557204735294,392.4185791015625,80447000.0
2023-04-27,394.9806882582914,400.50265651504327,394.7283569654648,400.2309265136719,92968400.0
2023-04-28,399.3380597783683,403.6566563005674,399.27983403968966,403.6469421386719,89433100.0
2023-05-01,403.2005528498527,405.2870542221282,403.0064473014021,403.2393798828125,62122300.0
2023-05-02,402.52117868206994,402.5697198732128,395.7764408862858,398.7072448730469,103998500.0
2023-05-03,399.21188103710034,401.647766285152,395.72790291088376,395.9705200195313,91531800.0
2023-05-04,394.9126942901624,395.242649988346,391.81689776102417,393.1658630371094,94901900.0
2023-05-05,396.83422295022166,401.5021734196709,396.5722071533812,400.4443664550781,87891800.0
2023-05-08,400.7743353366889,401.03635114215353,399.1342413754571,400.5511169433594,50046800.0
2023-05-09,398.988630649972,399.9202719107613,398.5616222353725,398.7945251464844,49220100.0
2023-05-10,401.6575098429273,402.2980226105957,396.7954531525601,400.6579284667969,96142900.0
2023-05-11,399.7844292586984,400.2502350896693,397.862891356917,399.9591064453125,70157100.0
2023-05-12,401.2110935391288,401.4245977901843,396.9895497120096,399.4351196289063,70481500.0
2023-05-15,400.0465235019948,401.22078208633735,398.11530067751465,400.8132019042969,54289400.0
2023-05-16,399.6971140313283,400.62878504945314,398.1249599107186,398.1346740722656,57705500.0
2023-05-17,400.1726973107689,403.579021652724,398.51320444590107,402.9676513671875,87287000.0
2023-05-18,402.64737265374487,407.2765263293751,402.4241838543568,406.8495178222656,97177200.0
2023-05-19,407.7617205962154,408.2954663695949,405.0249926007152,406.2574768066406,103793300.0
2023-05-22,406.2768905025165,407.9752101411121,405.0249780192039,406.4224548339844,60745400.0
2023-05-23,404.7629582072301,406.35454064219726,401.46337148110194,401.86126708984375,86383500.0
2023-05-24,400.2405992041733,400.62878064928873,397.775601122354,398.9498596191406,89213700.0
2023-05-25,402.4920322006636,403.870110282688,400.2308539864733,402.4046936035156,90961600.0
2023-05-26,403.0646806548383,408.3440318158348,402.9870562038012,407.6161804199219,93830000.0
2023-05-30,409.5667958829626,410.100541680163,406.3739464123829,407.77142333984375,72216000.0
2023-05-31,405.92760933612107,406.8398521995708,403.9284463672041,405.5103149414063,110811800.0
2023-06-01,405.7431486299385,410.4305278046026,404.4815514979341,409.3630065917969,88865000.0
2023-06-02,411.9638523391995,416.07862904316585,411.4301065443092,415.2828674316406,91426200.0
2023-06-05,415.6322061536696,416.93263025879423,413.7786079513096,414.487060546875,65460200.0
2023-06-06,414.0697645963024,415.9233331749512,413.4098235769365,415.38958740234375,64022200.0
2023-06-07,415.7875077033556,416.9326533736374,413.52629961547433,413.9533081054688,85373300.0
2023-06-08,414.0212679011985,416.9132747012552,413.2449049455442,416.4571533203125,61952800.0
2023-06-09,417.2626019577658,419.23265170531073,416.20479491266497,417.2043762207031,85742800.0
2023-06-12,418.1942725521776,421.0668508375782,417.4664212232981,420.98919677734375,76104300.0
2023-06-13,422.4643462971103,424.4149678049898,421.7947206758486,423.7647705078125,95899700.0
2023-06-14,424.1043851094063,426.0938333897445,420.7853703055735,424.2693481445313,100612100.0
2023-06-15,423.4444714620379,430.7909244884486,423.3474483133907,429.5293273925781,110303100.0
2023-06-16,431.5339523095055,432.10865200218734,427.5889672468764,428.0662536621094,114165800.0
2023-06-20,426.1083862532365,427.00451706198754,423.7511157363139,425.8453674316406,76160400.0
2023-06-21,424.8517921846269,425.6602599023348,423.0692214907974,423.6634216308594,76982300.0
2023-06-22,422.6991844112322,425.2999438691592,422.3582527593524,425.19281005859375,70637200.0
2023-06-23,421.7055626566452,423.7803436206902,421.257497245002,421.9783020019531,92074500.0
2023-06-26,421.4035802514072,423.341976578197,420.01066258669255,420.2541809082031,72823600.0
2023-06-27,421.1406050558911,425.4849637315471,420.682789407297,424.861572265625,72813700.0
2023-06-28,423.7705823025364,426.0986317858107,423.1471908408459,425.0758666992188,75636000.0
2023-06-29,424.6570298797714,426.9168872953884,424.2479356997483,426.7512817382813,67882300.0
2023-06-30,429.99494005658494,432.7807755563277,429.6734792057781,431.7872314453125,104964000.0
2023-07-03,431.4365271125317,432.5664258975231,431.1540375531059,432.2839660644531,32793400.0
2023-07-05,430.45274264665926,432.38141851385495,430.4429924010644,431.64111328125,58418400.0
2023-07-06,428.02730979734434,428.68967251820936,425.72848131279824,428.2610778808594,80658300.0
2023-07-07,427.257782599794,431.1638261025001,426.9363217593201,427.1798400878906,86134200.0
2023-07-10,426.8194386710133,428.4364039434957,426.2447389814664,428.2610778808594,62443500.0
2023-07-11,429.0306579926426,431.4853123568288,428.0468343070585,430.988525390625,64463800.0
2023-07-12,434.81660886072825,435.8783452252513,433.3749696281423,434.4561767578125,91924500.0
2023-07-13,436.28742318974287,438.7031356645178,435.84910804250165,437.9043884277344,72425200.0
2023-07-14,438.8005526873744,439.6577122247536,436.8621265984911,437.6316528320313,69815800.0
2023-07-17,437.4855575360118,440.2129509574791,437.4368360339106,439.1512145996094,52680200.0
2023-07-18,438.8200347136693,443.066980159449,438.3816898250766,442.4143676757813,80668200.0
2023-07-19,443.2131170478764,444.5962845348713,442.3364272665213,443.398193359375,65891700.0
2023-07-20,442.3948468175767,443.3007277766444,439.7356162290317,440.4564208984375,70591600.0
2023-07-21,442.1902700386732,442.3948468175767,440.4467003801723,440.4564208984375,71275600.0
2023-07-24,441.61563576284726,443.242351358419,440.5733701302625,442.4241333007813,54023400.0
2023-07-25,442.1514076693892,444.8982720458587,442.1026861639184,443.6319885253906,55191200.0
2023-07-26,442.687120179267,445.1417743398263,441.6253837862583,443.7001647949219,71052900.0
2023-07-27,447.1191203814564,447.5282442515531,439.8427915613847,440.7584228515625,92194400.0
2023-07-28,444.0605028942853,445.911236061198,440.7583804202121,445.0735473632813,80011800.0
2023-07-31,445.55086790076825,446.2814228695057,444.2261127664183,445.9210205078125,62040400.0
2023-08-01,444.44044272200057,445.3950453194181,443.6806666877654,444.64501953125,55291500.0
2023-08-02,441.498790683437,441.76177981313134,437.69991017826186,438.4596862792969,93933400.0
2023-08-03,436.4238172019124,439.10251882323183,435.77117500002953,437.20306396484375,64276100.0
2023-08-04,439.0343075614711,441.1577801659896,434.6996695985168,435.2256774902344,100128900.0
2023-08-07,437.0764808238889,439.1804830016429,436.3751467646376,439.0246276855469,58357500.0
2023-08-08,436.4627447818668,439.0148417605705,433.725601227127,437.1153869628906,71361300.0
2023-08-09,437.3881355250402,437.5537410667036,433.4236500341983,434.1931762695313,78789600.0
2023-08-10,436.5699461535215,439.98895319524496,433.1704396040718,434.34906005859375,93005500.0
2023-08-11,432.4593281355523,435.1185589703024,431.8554074402598,434.09576416015625,68690900.0
2023-08-14,433.1704403556933,436.4920043945313,432.8587297423723,436.4920043945313,47867400.0
2023-08-15,434.6996914970112,435.0601235969472,430.8326192125929,431.4073486328125,75707500.0
2023-08-16,430.9885332565743,432.66394079087473,428.134505163244,428.2416687011719,80107200.0
2023-08-17,429.7222177321625,429.9852068444013,424.45247715658354,424.9784851074219,95711300.0
2023-08-18,422.13418989713045,426.22531011899486,421.7835377373851,425.18304443359375,98852000.0
2023-08-21,426.2057717615397,428.6993970971765,424.0336072701389,427.9493713378906,68719000.0
2023-08-22,429.7416631589512,429.7416631589512,426.2252727180546,426.7902221679688,64994200.0
2023-08-23,427.8617052164373,432.16712236446233,427.7156001639117,431.543701171875,68441000.0
2023-08-24,433.1606876122368,433.6769453072907,425.5336765078008,425.56292724609375,88517300.0
2023-08-25,427.30648638229246,429.8585537812075,423.7219036193333,428.5630493164063,102325100.0
2023-08-28,430.77419402814417,431.904122695043,428.5630581982546,431.2807312011719,61595400.0
2023-08-29,431.1735136862024,437.7972295531784,430.9884373925172,437.5147399902344,83081900.0
2023-08-30,437.85572346311113,439.95972547776927,437.1446392122368,439.31683349609375,69053900.0
2023-08-31,439.9402030860746,441.0896024538122,438.4888433713273,438.6739196777344,66084600.0
2023-09-01,441.4208329161118,441.9078695909099,438.02129671209656,439.4921569824219,58944100.0
2023-09-05,439.04410194146914,439.3655330748345,437.5245498582943,437.59271240234375,55166200.0
2023-09-06,436.7745043608563,436.8816678920111,432.3035110450911,434.6510314941406,70758500.0
2023-09-07,431.6216205062252,433.998361817896,431.2709683748438,433.3165283203125,70355400.0
2023-09-08,433.3652260097677,435.51791978263486,433.0048236276994,433.9691467285156,61659700.0
2023-09-11,436.61863486064624,437.1348925541496,434.8945357090652,436.8232116699219,60180100.0
2023-09-12,435.3620726875762,436.90109541972345,433.8425207199116,434.4269409179688,67565400.0
2023-09-13,434.650982103864,436.1023417850181,433.5405242911245,434.9334716796875,60199300.0
2023-09-14,437.4270911503676,439.384958212086,436.1120862886206,438.6836242675781,83430800.0
2023-09-15,437.0834832144138,437.4158327666278,432.95839314801873,433.3982543945313,111848900.0
2023-09-18,433.0854327520232,434.9622635141281,432.6064627970625,433.65240478515625,55752200.0
2023-09-19,432.72381922415445,433.3201154224225,430.0454532295928,432.7531433105469,66514600.0
2023-09-20,434.0238470457339,434.4441688205573,428.56932928566505,428.7746276855469,82562600.0
2023-09-21,425.90077594366056,426.164692691876,421.5313085692554,421.6877136230469,104095800.0
2023-09-22,422.72381367515226,424.3366976912792,420.31911985933135,420.7394714355469,100829700.0
2023-09-25,419.5176437627186,422.547898470282,419.077752682607,422.5088195800781,70874500.0
2023-09-26,419.4393705232797,420.1529628959609,415.46090138005786,416.3015747070313,96168400.0
2023-09-27,417.4843607434893,418.0513327307754,412.7923289644572,416.4677429199219,104705800.0
2023-09-28,415.9106261692443,420.5733343253754,415.3143300435596,418.8822326660156,92258300.0
2023-09-29,421.96142773266575,422.1373722367812,416.330964951252,417.86566162109375,115111300.0
2023-10-02,417.0250096098541,418.96048874831854,414.91358595822464,417.6994934082031,83798600.0
2023-10-03,415.5000820918696,417.7581260874009,410.729832148183,412.1081237792969,103760600.0
2023-10-04,412.5773245188018,415.861741185976,411.1012760474868,415.1090698242188,87453000.0
2023-10-05,414.8158321329541,415.8031260717147,411.6976049113953,414.9526977539063,70142700.0
2023-10-06,412.4795812806465,421.43356963087496,411.1403983750862,419.87933349609375,113273300.0
2023-10-09,417.9633542177549,423.14417067329146,417.4061966673288,422.56744384765625,80374400.0
2023-10-10,423.2028250552407,427.386563135384,422.80204271332445,424.766845703125,78607300.0
2023-10-11,425.8421063481672,426.7609375172326,423.4374123272469,426.5068054199219,62451700.0
2023-10-12,427.1226911247353,427.50390423107496,421.53133685909927,423.90667724609375,81154200.0
2023-10-13,425.4217471124179,426.6338787387802,420.2116364895486,421.7951965332031,95143100.0
2023-10-16,424.0630217801987,427.30835928070826,423.81864449548345,426.2330932617188,75433200.0
2023-10-17,423.0757354558678,428.2858759632453,422.7238464786613,426.2135314941406,75324700.0
2023-10-18,424.4247382272408,425.3924628264014,419.4394351496232,420.53424072265625,93559800.0
2023-10-19,421.2576248349315,423.0855623664448,416.1550253371215,416.8392639160156,121323000.0
2023-10-20,416.3993794682944,416.94678223342015,411.6095605266244,411.7171020507813,123919900.0
2023-10-23,410.172620735965,414.9037915113143,408.4033314720022,411.0035095214844,92035100.0
2023-10-24,413.1442336689616,415.2654416367825,411.2771876245215,414.1022033691406,78564200.0
2023-10-25,412.4013823638362,412.4307064474165,407.64088736705776,408.1589660644531,94223200.0
2023-10-26,407.0837332248422,407.9439162942178,402.3428074644633,403.27142333984375,115156800.0
2023-10-27,404.8745791501567,405.2753615427014,400.00657209936367,401.4435119628906,107367700.0
2023-10-30,404.2587602604096,407.3085846281885,402.94890132456703,406.24310302734375,86562700.0
2023-10-31,406.8197848189247,409.11693747926455,404.8940904395608,408.79437255859375,79665200.0
2023-11-01,409.77187916766434,413.9751569038601,409.23423119503474,413.154052734375,98068100.0
2023-11-02,416.9858578040988,421.2282739468774,416.96631835950456,421.0718688964844,94938900.0
2023-11-03,423.3983553166376,426.4775033748272,423.2712743458097,424.9134826660156,100167800.0
2023-11-06,425.67593799092367,426.3406370959797,423.9261881476842,425.8909912109375,67831700.0
2023-11-07,425.8909865146741,427.74824803183367,424.7375328160524,427.1030883789063,64256100.0
2023-11-08,427.7091649178737,428.2370282711835,425.089447259724,427.4159240722656,61746000.0
2023-11-09,428.5693441386772,428.6084528587547,423.6524741391931,424.0825805664063,83174400.0
2023-11-10,426.1744748125639,431.0131274885478,424.072806152516,430.7003173828125,89462200.0
2023-11-13,429.3513639527994,431.4041093470978,428.5595839107214,430.2897644042969,52236100.0
2023-11-14,436.2819553687698,439.9378305832725,436.0571174918547,438.63775634765625,97176900.0
2023-11-15,439.9866975727599,441.2281534781896,438.7061627737288,439.5663757324219,77327600.0
2023-11-16,439.1166795607035,440.4265382956643,438.0414134853736,440.1039733886719,66665800.0
2023-11-17,440.1137497255052,441.2672332979486,439.1851338482301,440.6513977050781,83133200.0
2023-11-20,440.39724520370754,444.8937937607348,440.38746056513,444.0433654785156,69936200.0
2023-11-21,442.9876197912332,443.91626547984913,441.7950573532697,443.0755920410156,49244600.0
2023-11-22,444.7471759906997,446.1156829950313,443.68169447192673,444.7862548828125,59394900.0
2023-11-24,444.8351589966796,445.25548083116666,444.50280941839566,445.0599670410156,29737400.0
2023-11-27,444.4245827216387,445.2456869269975,443.86739527939744,444.2584228515625,50506000.0
2023-11-28,443.8673534218269,446.0081009033273,443.30041122559606,444.6982421875,62115000.0
2023-11-29,446.8683493865676,448.0120483391923,443.9847149867277,444.3854675292969,63146000.0
2023-11-30,445.2359011126592,446.4871116952911,443.14401710587686,446.13519287109375,79752700.0
2023-12-01,445.5194133819058,449.3121543279484,444.92314701389023,448.7745361328125,89183400.0
2023-12-04,445.3531892258051,448.7940108067477,444.121518110662,446.4186706542969,72430900.0
2023-12-05,445.02082978174855,447.2984129990924,444.6395868903203,446.3306884765625,69793500.0
2023-12-06,448.49100491903886,448.5203290025261,444.0922134086644,444.5321044921875,69124700.0
2023-12-07,446.633752902186,448.5789867545726,446.02770194302326,447.924072265625,66995400.0
2023-12-08,447.1713663732682,450.3873801097545,446.9269890644729,449.8497619628906,83194400.0
2023-12-11,449.351227969924,451.7754616408042,449.1361747424168,451.5994873046875,65002200.0
2023-12-12,451.2475689468702,453.75977470681374,450.2407356815716,453.6620178222656,68327600.0
2023-12-13,454.0432809539828,460.1722832994969,453.6816072893684,459.9181213378906,93278000.0
2023-12-14,461.8731044912647,463.0754515660027,458.6961995397374,461.3941345214844,119026000.0
2023-12-15,460.7914691104517,461.9790722841804,458.7696383555202,460.6344299316406,141553700.0
2023-12-18,462.2539072749284,464.21685218338376,461.1841058940797,463.2255554199219,70375300.0
2023-12-19,463.7751898828678,466.120923487645,463.6966852634015,466.0423889160156,55761800.0
2023-12-20,465.1786953182565,467.0827543546259,459.1524697744098,459.5843200683594,102921000.0
2023-12-21,462.59740467957056,464.21685821180665,460.1535478214992,463.9420471191406,86667500.0
2023-12-22,465.080520994005,466.5723782880754,462.9605668589321,464.8744201660156,67160400.0
2023-12-26,465.2866280947504,467.7501034525425,465.2080935295003,466.83734130859375,55387000.0
2023-12-27,466.6312443362431,467.82864187280944,466.0914464923829,467.6814270019531,68000300.0
2023-12-28,468.04457541887774,468.7021451712498,467.4360673069532,467.8580932617188,77158100.0
2023-12-29,467.6617923976956,468.19179590082064,464.5308929243042,466.503662109375,122283100.0
2024-01-02,463.4120324234117,464.8940653974885,461.7729602641472,463.8929443359375,123623700.0
2024-01-03,461.7140914792313,462.4600201485641,459.4959840423761,460.1044921875,103585900.0
2024-01-04,459.6235276206369,462.234247882289,458.3966870814487,458.6224365234375,84232200.0
2024-01-05,458.8285239371963,461.72387950592247,457.78816558654415,459.2505798339844,86118900.0
2024-01-08,459.7511256264101,465.95403860531457,459.6235294174898,465.8068237304688,74879100.0
2024-01-09,463.12735913949416,466.130662174121,462.6170042935083,465.1001281738281,65931400.0
2024-01-10,465.3749410599913,468.6039935335334,465.090305687,467.73046875,67310600.0
2024-01-11,468.74143033276624,469.261609540428,463.51019528032464,467.5244140625,77940700.0
2024-01-12,468.9867782045416,469.7327068294288,466.4251495619597,467.8482666015625,58026400.0
2024-01-16,466.4546094711113,467.7795733262536,464.2953580849732,466.1307067871094,85014900.0
2024-01-17,463.0783185867036,464.03034802025326,461.164435410836,463.5396118164063,68843900.0
2024-01-18,465.2277413021966,468.2212201374299,463.6672037824903,467.6617736816406,91856200.0
2024-01-19,468.8002927931282,473.7763651231368,467.71087279007605,473.4917297363281,110834500.0
2024-01-22,475.04245049913897,476.2300236780112,473.83522870352135,474.4928283691406,75844900.0
2024-01-23,475.042481378936,476.12207709236566,473.9432370474837,475.876708984375,49945300.0
2024-01-24,478.7720887705227,479.7142939660905,475.89638158845,476.3969421386719,81765000.0
2024-01-25,478.5463320010401,479.26281768430965,476.3969348555568,478.9880065917969,72525000.0
2024-01-26,478.5561439348536,480.0577955715659,477.52560985262113,478.3794860839844,76641600.0
2024-01-29,478.693608075227,482.3152441088823,478.14398585432974,482.1679992675781,61322800.0
2024-01-30,481.4711412511055,482.5114996920698,481.0294666507007,481.7950439453125,58618400.0
2024-01-31,479.5670527944145,480.01852172451737,473.91376202659535,473.9334106445313,126011100.0
2024-02-01,475.6509556207431,480.16573447668185,474.8363167870184,480.1362915039063,91891600.0
2024-02-02,480.5779854127902,486.85940318418886,480.23446406038255,485.19091796875,99228200.0
2024-02-05,484.55297267858543,485.22036677277737,481.14726199372336,483.42425537109375,75757100.0
2024-02-06,484.3762599084674,485.1614558189623,482.9334942471047,484.8277587890625,55918600.0
2024-02-07,487.0949667191754,489.2934554049805,486.1821745842992,488.8714294433594,70556500.0
2024-02-08,488.8714161790849,489.470099975537,488.0469829442768,489.08734130859375,52343600.0
2024-02-09,489.59771091928417,492.3556460938414,489.25418957306687,491.91400146484375,63979400.0
2024-02-12,491.8845412362321,494.1713587741508,490.97174913066334,491.6980590820313,56502300.0
2024-02-13,485.3675779113311,487.8801450306983,481.628170208204,484.9259033203125,113099200.0
2024-02-14,487.5856829593056,489.82343883770176,485.2399495415697,489.3327026367188,68387800.0
2024-02-15,490.0393781661973,492.8954665329509,489.5584363078264,492.708984375,61683000.0
2024-02-16,492.404767758378,493.5530738160606,489.5094118876507,490.2553405761719,75532900.0
2024-02-20,488.49844902332507,489.1756673822871,485.2890450259284,487.5562438964844,71736700.0
2024-02-21,486.2410802182536,488.1549334688022,484.4155259392156,487.9978942871094,59293400.0
2024-02-22,494.6719606242744,499.0689382221311,493.7002824890423,498.0972900390625,76402500.0
2024-02-23,499.8344700214938,500.678551914076,497.7046915518174,498.4407958984375,61321800.0
2024-02-26,498.8824333336896,499.324107916151,496.4876381644151,496.615234375,50386700.0
2024-02-27,497.3120612862613,497.7635301893359,495.3981781861049,497.5377807617188,48854500.0
2024-02-28,495.9674568869859,497.469108528036,495.6043168750962,496.8802490234375,56506600.0
2024-02-29,498.6567095493246,500.295751750158,495.9871033156694,498.66650390625,83924800.0
2024-03-01,499.5498807243941,503.7799948247359,499.1376490980071,503.34814453125,76844800.0
2024-03-04,502.5433622679051,504.6731406897514,502.5138893406261,502.8083190917969,49799300.0
2024-03-05,500.7864758032984,501.2379746800775,495.5552410065555,497.7831726074219,72855600.0
2024-03-06,501.0907384749683,502.5825957418796,499.00022735337984,500.3055725097656,68382400.0
2024-03-07,503.63277788095183,506.3318270675984,500.3644579108204,505.2718200683594,58652100.0
2024-03-08,505.9097712339868,508.6185846653474,501.6599790833197,502.2390441894531,86532500.0
2024-03-11,501.0220544995312,502.39610990465496,499.0787283144667,501.8072204589844,62557200.0
2024-03-12,503.93706312836593,507.7942428344025,501.39502301552585,507.2053833007813,73114400.0
2024-03-13,507.529171217544,507.70582905853,504.9577183582143,506.4102783203125,55104100.0
2024-03-14,507.3917436626117,507.5488127886324,502.3371968867751,505.4092102050781,110171800.0
2024-03-15,502.3129354038773,503.7798935392751,500.2552881350044,501.9388122558594,107646300.0
2024-03-18,506.0442443605613,507.5013175083765,504.5083926373261,504.921875,88893300.0
2024-03-19,504.2229484462538,508.0133339755885,503.20886197881583,507.7278442382813,60755300.0
2024-03-20,507.78689040545135,512.5617976859555,507.107567876367,512.4239501953125,69594600.0
2024-03-21,515.2888929469045,515.9977198182323,513.8317597828803,514.1173095703125,60256100.0
2024-03-22,514.0286727434162,514.5209336531528,512.9063034475105,513.1426391601562,79070800.0
2024-03-25,511.7544189577132,512.8866430624205,511.5673574123383,511.7249145507813,48512100.0
2024-03-26,513.1623112385308,513.5069299447247,510.3761576323609,510.77978515625,65463700.0
2024-03-27,513.6349630852659,515.1117459956549,511.4492931308559,515.0723266601562,82999800.0
2024-03-28,515.1117854921952,516.4900802599697,514.6884482362781,514.9739379882812,96294900.0
2024-04-01,515.722075543962,516.2635505203092,512.9062975041601,514.077880859375,62477500.0
2024-04-02,510.21866847403214,510.9472051350024,508.4859001503982,510.8094177246094,74230300.0
2024-04-03,509.7066694354231,512.8867161600226,509.6574553565613,511.3705139160156,59155800.0
2024-04-04,515.4169280571225,515.7614866884437,504.82346272177824,505.128662109375,96858100.0
2024-04-05,506.497147152504,512.3845687559082,506.0541002891712,510.4056701660156,74546500.0
2024-04-08,511.1145288556158,512.1285550870866,509.8740217431722,510.6911315917969,48401800.0
2024-04-09,512.4436194333716,512.6897498941945,506.3887860609493,511.2818908691406,68049200.0
2024-04-10,505.5322756084268,508.170787035425,504.1638358642507,506.1623840332031,82652800.0
2024-04-11,507.6982627464638,511.4394340704421,504.1540078270001,509.98236083984375,70099000.0
2024-04-12,506.4085299882091,507.8360987756544,501.20040067217343,502.9430236816406,92561100.0
2024-04-15,507.1568078022843,507.324159712052,495.7855610084435,496.6421203613281,92101400.0
2024-04-16,497.1244770540518,498.66032877261614,494.4367215239526,495.7362976074219,73484000.0
2024-04-17,498.2172996950637,498.3846816393794,491.3945700811529,492.8024291992188,75910300.0
2024-04-18,494.21036739823234,496.32708370213,490.8432889177437,491.7884216308594,74548100.0
2024-04-19,491.7096635467034,492.7138651570716,486.2160140344103,487.4959106445313,102212600.0
2024-04-22,490.1245600961512,494.6041530958439,487.7617133724192,491.9853210449219,67961000.0
2024-04-23,494.0134217153383,498.25670890630937,491.7982473330122,497.8235168457031,64633600.0
2024-04-24,498.71941341913725,499.51687375797127,495.34251049837377,497.5872192382813,55928100.0
2024-04-25,491.4536428767912,496.46485582440346,489.7897984349343,495.6969299316406,69122400.0
2024-04-26,498.5126869433467,501.98804816614137,497.8727536957366,500.3931274414063,64306100.0
2024-04-29,502.1948176609799,502.84460577901433,499.3987788182184,502.165283203125,46415400.0
2024-04-30,500.6884372829481,501.67295914799166,494.2102966308594,494.2102966308594,77483600.0
2024-05-01,493.61961670244926,500.3242087322079,492.13297895370425,492.6055603027344,80242800.0
2024-05-02,496.3466896864741,498.0597781535445,491.8178831216438,497.2130737304688,62550200.0
2024-05-03,503.24822804633646,504.61669789111306,500.6884650462391,503.376220703125,72756700.0
2024-05-06,505.7981343939605,508.6138526522853,505.35508751362784,508.5744934082031,47264700.0
2024-05-07,509.54916353424784,510.5435402899154,508.4563586225624,509.13568115234375,52561300.0
2024-05-08,507.2847250596969,509.7263199562531,507.1665872479567,509.1848449707031,42047200.0
2024-05-09,509.3719190527033,512.1581327107517,508.7123062391851,512.1187133789062,43643700.0
2024-05-10,513.7333998374235,514.5505698868354,511.5477899369006,512.7784423828125,52233200.0
2024-05-13,514.4717752531619,514.5800582433153,511.6954162109544,512.8472900390625,36716400.0
2024-05-14,513.0442119381321,515.7221428526045,512.5027368911151,515.2003173828125,57535900.0
2024-05-15,517.6911437452166,521.8753616282006,517.0511805034056,521.5800170898438,59504900.0
2024-05-16,521.6784804626144,523.2931108352446,520.3591946482824,520.5068969726562,50244800.0
2024-05-17,520.6250185214858,521.324050696315,519.1580905190848,521.255126953125,59187600.0
2024-05-20,521.373367718647,523.332557053152,520.9795348484978,521.8557739257812,37764200.0
2024-05-21,521.087796729706,523.2931162417177,520.8810254915362,523.1355590820312,33437000.0
2024-05-22,522.436648786276,523.1553306523407,519.4338084676317,521.6293334960938,48390000.0
2024-05-23,524.7108060345491,524.8190890203099,516.5982952173239,517.8191528320312,57211200.0
2024-05-24,519.679883962637,522.0624703315923,518.7249265206334,521.2453002929688,41291100.0
2024-05-28,522.0624598230312,522.2987354702987,518.95133689281,521.6095581054688,36269600.0
2024-05-29,517.543487824079,519.148263398525,517.2382884253442,517.9569702148438,45190300.0
2024-05-30,516.4014666477996,517.0709343554327,513.2608392589262,514.52099609375,46377600.0
2024-05-31,515.4858746985078,519.3353290866311,510.3367840339242,519.2073364257812,90785800.0
2024-06-03,520.8317631264383,521.1172528275335,514.5110896472963,519.630615234375,46835700.0
2024-06-04,518.3114277709847,520.9597941196552,516.8346449019963,520.2115478515625,34632700.0
2024-06-05,522.554748491951,526.4140578129984,520.546285202785,526.3943481445312,47610400.0
2024-06-06,526.6995146727619,527.1327067188278,524.4351262871471,526.3844604492188,30808500.0
2024-06-07,525.3998881445908,528.5799344854378,524.2972285131677,525.7445068359375,43224500.0
2024-06-10,524.927362515156,527.6938665613864,524.3268185972163,527.3689575195312,35686100.0
2024-06-11,525.8036102503464,528.6981069954104,523.8148568140152,528.6390380859375,36383400.0
2024-06-12,533.246614073991,535.6980640483052,531.9371830907995,532.9807739257812,63251300.0
2024-06-13,534.7431324757749,534.9203392196645,531.2382366633478,534.053955078125,44760900.0
2024-06-14,532.508229500441,534.4083496258869,531.4941430630411,534.3788452148438,40089900.0
2024-06-17,533.6896379923317,540.039816141854,533.2268814613034,538.6318969726562,55839500.0
2024-06-18,538.6910571325956,540.1284809546763,538.2677198629765,540.00048828125,41376400.0
2024-06-20,540.935744269763,541.605211986961,536.7416711354346,538.5335083007812,70328200.0
2024-06-21,537.7028911104192,538.9375137844564,536.3398628555373,537.8115234375,64338600.0
2024-06-24,537.6336988535306,540.2214629334219,535.9447134780866,536.063232421875,45528700.0
2024-06-25,537.2978096206406,538.4929458679471,535.7668898223883,538.1275024414062,37936200.0
2024-06-26,537.0015765793066,539.5201946501434,536.3497223654682,538.7991943359375,38550600.0
2024-06-27,538.6609224788729,540.2313890252565,537.9102622571704,539.6486206054688,35041500.0
2024-06-28,540.4289205684925,543.5105944139563,536.270749728595,537.5250854492188,76144500.0
2024-07-01,538.9176973561733,539.1646218711988,535.8459708574896,538.6312866210938,40297800.0
2024-07-02,537.0114898478076,542.2561645507812,536.962116997755,542.2561645507812,40434800.0
2024-07-03,541.9400215865442,545.0414077951219,541.9005353686338,544.6759643554688,32789900.0
2024-07-05,544.9821450572448,548.2217631512285,544.3401172431633,547.8168334960938,41488400.0
2024-07-08,548.6069797643494,549.4070127333171,547.372357263825,548.448974609375,36110500.0
2024-07-09,549.4170114952567,550.3256769614975,548.68612447126,548.982421875,27289700.0
2024-07-10,550.2170167409311,554.7604041261768,549.9207193522083,554.4147338867188,38701200.0
2024-07-11,554.5332205594168,555.4122863317111,548.9922487177857,549.6342163085938,53054200.0
2024-07-12,550.7700602883441,556.7357347196536,550.2959845223418,553.1010131835938,53084400.0
2024-07-15,555.115919297751,557.8913481834899,552.745420054826,554.6220703125,40584300.0
2024-07-16,555.9455624240911,558.2073691172786,555.1850156813407,557.9110717773438,36475300.0
2024-07-17,551.9257271809707,553.6147127596594,549.7626657700799,550.088623046875,57119000.0
2024-07-18,551.639276116981,552.6368608446285,543.6586585801087,545.8612060546875,56270400.0
2024-07-19,545.6241865270397,547.2637991893615,541.1696582953947,542.2363891601562,65509100.0
2024-07-22,546.1971170807535,548.4392113369664,544.2414938910474,547.8268432617188,43346700.0
2024-07-23,547.7180070400975,549.890954616908,546.4735582447556,546.9674072265625,34439600.0
2024-07-24,542.1079799162109,542.414163924434,533.6433997274702,534.5718383789062,74515300.0
2024-07-25,534.690395170986,540.725276974558,530.8384083708338,531.7865600585938,61158300.0
2024-07-26,535.6089691765218,540.4585404543662,534.828649074335,537.7423706054688,53763800.0
2024-07-29,539.302981035441,540.3202788158294,536.0435288049198,538.0584716796875,39515800.0
2024-07-30,539.5400012266922,540.6067321086199,531.8952271888836,535.3323974609375,46853600.0
2024-07-31,542.2264921510769,546.6909069240734,540.8437509599753,544.0339965820312,65663400.0
2024-08-01,545.7722853894631,548.043978708858,532.7939193368863,536.3298950195312,76428700.0
2024-08-02,529.1592759231037,530.3840119652383,522.0972101428371,526.3443603515625,82789100.0
2024-08-05,505.3458510396379,517.1389683143175,503.9926793749422,511.0152282714844,146267400.0
2024-08-06,512.8326148471089,523.23310551279,511.49924643144766,515.7266235351562,84826300.0
2024-08-07,521.9687339288903,525.0504071552026,511.67693763261536,512.2794189453125,70698300.0
2024-08-08,517.4648735918801,524.7540902312787,515.4203916203253,524.1220092773438,63276600.0
2024-08-09,523.2922939838902,527.9344868094374,522.0576714390269,526.4331665039062,45619600.0
2024-08-12,527.638216444631,529.1394765426488,524.418311037438,526.7097778320312,42542100.0
2024-08-13,529.9297210019101,535.6089854034836,529.6827964627113,535.3718872070312,52333100.0
2024-08-14,536.171899630215,538.2559884767765,533.4755030571044,537.0608520507812,42446900.0
2024-08-15,542.7400850013888,546.5525850520006,542.1277170257696,546.2661743164062,60846800.0
2024-08-16,544.6364439181536,548.1921930822297,544.4784387546481,547.4909057617188,44430700.0
2024-08-19,547.9057365553024,552.7257080078125,547.04644404856,552.7257080078125,39121800.0
2024-08-20,552.2714415538725,553.9406538292776,550.4738236969508,551.8269653320312,33732300.0
2024-08-21,552.8837473869856,555.1949270256794,547.9057107172382,553.7232666015625,41514600.0
2024-08-22,555.6394742633252,556.2518422995433,548.1527053338135,549.37744140625,56121500.0
2024-08-23,552.6467308078585,556.162933530549,550.4342364891817,555.2147216796875,50639400.0
2024-08-26,556.2517871520942,556.9727874461548,552.1725893345433,553.8911743164062,35788600.0
2024-08-27,552.60719113133,555.1455824402227,551.4516012531584,554.6517333984375,32693900.0
2024-08-28,554.3061202439043,554.7407098567847,548.211979036235,551.431884765625,41066000.0
2024-08-29,553.4171111191611,556.7456488400046,550.3256112930245,551.481201171875,38715200.0
2024-08-30,553.8714915129334,557.2592888149386,550.2861425309688,556.7456665039062,62700100.0
2024-09-03,553.5751324654079,553.910976348929,542.7499997287141,545.2883911132812,60600100.0
2024-09-04,543.4315286411534,547.609472482038,542.7006416631017,544.1723022460938,47224900.0
2024-09-05,544.1130986032705,546.9872739602764,540.3696836868822,542.8488159179688,44264300.0
2024-09-06,543.1746268603601,544.814178974002,532.8037981213807,533.7124633789062,68493800.0
2024-09-09,537.9497514376588,540.9721049715934,536.0039549877774,539.6880493164062,40445800.0
2024-09-10,541.6141763980113,542.3944965664931,536.695458599281,542.0388793945312,36394600.0
2024-09-11,541.9499443030138,548.5279869391354,533.3174727969968,547.5995483398438,75248600.0
2024-09-12,548.1823330685932,552.5183422032788,545.9402390867614,552.212158203125,51819600.0
2024-09-13,552.824497945327,556.1036627094621,552.5676868065235,555.09619140625,39310500.0
2024-09-16,554.8295115629904,556.1826531141121,553.0121808492725,555.916015625,36656100.0
2024-09-17,558.1481843152566,559.6100185283265,553.8912078231978,556.1431884765625,49321000.0
2024-09-18,556.8049543629041,561.6940723406548,553.9307792254185,554.4937744140625,59044900.0
2024-09-19,563.9854704246966,565.8324609464421,561.0915223864308,563.955810546875,75315500.0
2024-09-20,562.5748463140295,564.0311870143781,559.9295598052497,562.9810180664062,77503100.0
2024-09-23,564.0608597882709,565.0416704048506,562.8323068106478,564.3877563476562,44116900.0
2024-09-24,565.1902206826558,566.0620657446156,562.336920565189,566.0026245117188,46805700.0
2024-09-25,565.8442312792934,566.5872770519147,563.634867396296,564.75439453125,38428600.0
2024-09-26,569.054138596357,569.381095644281,564.6156981825178,566.993408203125,48336000.0
2024-09-27,568.0733221030284,568.8955824862597,565.1308296402824,566.1710815429688,42100900.0
2024-09-30,565.1308235636413,569.054126648712,562.8125548304923,568.4398803710938,63557400.0
2024-10-01,568.0832412262648,568.7370948487,560.7518326540558,563.3475341796875,72668800.0
2024-10-02,562.4460266108737,564.6157226242663,560.0286486802867,563.5853271484375,38097800.0
2024-10-03,562.0992361787922,564.5166141116738,560.2465802739564,562.5549926757812,40846500.0
2024-10-04,567.0429509955953,568.0435956054741,562.8323584481524,567.6671142578125,42939100.0
2024-10-07,566.0027030784669,566.6566172003112,561.3760218130078,562.53515625,49964700.0
2024-10-08,565.1309064014863,568.4597975991435,564.2492046603182,567.8554077148438,37398700.0
2024-10-09,567.8454370265796,572.3532962392944,567.2411076686911,571.78857421875,37912200.0
2024-10-10,570.4312554050144,572.2244699604879,569.1630950388911,570.7879028320312,44138100.0
2024-10-11,570.7086350830941,574.9489783343695,570.5699187032751,574.2059326171875,42268000.0
2024-10-14,575.8306855964628,579.8431808838789,575.3452387315617,578.9019775390625,36217200.0
2024-10-15,579.1694498706809,579.476572994963,573.1754997680354,574.404052734375,54203600.0
2024-10-16,574.4041032535349,577.4258104780474,573.5916993280316,576.9006958007812,30725400.0
2024-10-17,580.4771831597582,580.6852577252666,576.7619546491962,576.9501953125,34393700.0
2024-10-18,578.6542969086659,579.9620646428958,577.1781224079018,579.1694946289062,37416800.0
2024-10-21,578.4363148470578,579.427042498055,575.2164499813167,578.2183837890625,36439000.0
2024-10-22,575.6622837872882,579.0803062430451,574.9985131991087,577.9112548828125,34183800.0
2024-10-23,575.8703751003621,576.3162146456757,569.0937712315641,572.6306762695312,49314600.0
2024-10-24,574.6021472693831,574.6814224050617,571.2237929175743,573.8690185546875,34979900.0
2024-10-25,576.1180270991449,579.0406856675128,572.7198386240539,573.6708984375,47268200.0
2024-10-28,577.1781704779371,577.3069699187241,575.1372737990611,575.4443969726562,30174700.0
2024-10-29,574.4733698377371,577.5049938494554,573.0665535889564,576.3756103515625,42899700.0
2024-10-30,575.900057964771,577.9112641336919,573.9186026507842,574.6319580078125,41435800.0
2024-10-31,570.2232506098582,570.2926088073559,563.1692740005201,563.367431640625,60182500.0
2024-11-01,566.0225499653657,570.2133087354622,565.3290284899207,565.7451171875,45667500.0
2024-11-04,565.8837812272758,567.1915489107644,562.624309204199,564.5264892578125,38217000.0
2024-11-05,565.4479024326085,571.3922684708153,565.2299713697657,571.3526611328125,39478300.0
2024-11-06,583.7367872329222,586.4414545700248,579.9621170222276,585.5596923828125,68182000.0
2024-11-07,587.5807707664578,591.1176757282863,587.5014956231886,590.0872802734375,47233200.0
2024-11-08,590.642082391681,594.079938759187,590.642082391681,592.6433715820312,46444900.0
2024-11-11,594.2483207362625,594.6049681604908,591.4643785924768,593.2080688476562,37586800.0
2024-11-12,593.1288814294384,593.7332108436276,588.8588472506333,591.3654174804688,43006100.0
2024-11-13,591.830972646838,593.6737115669744,589.4433456119366,591.6526489257812,47388600.0
2024-11-14,591.7814256378922,592.2668724936673,587.1547446119931,587.8482055664062,38904100.0
2024-11-15,584.2518853623797,584.7274757572158,578.4462357999879,580.3187255859375,75988800.0
2024-11-18,580.7843146541127,584.0240133120835,579.912529982768,582.6964721679688,37001700.0
2024-11-19,579.2883437539291,585.5596057832407,578.614656257366,584.8264770507812,49412000.0
2024-11-20,584.9057757265481,585.3119474433167,579.2090919252475,585.024658203125,50032600.0
2024-11-21,587.8978278493445,589.601850428936,582.0029860760487,588.165283203125,46750300.0
2024-11-22,588.1553378190617,590.6223004102239,587.6501175222468,589.9882202148438,38226400.0
2024-11-25,593.9611014741124,595.2886427548735,589.6811504715163,591.9895629882812,42441400.0
2024-11-26,593.2476840361431,595.7542539284485,592.5244722270152,595.08056640625,45621300.0
2024-11-27,594.8922955539285,595.2786333477459,591.7417891529773,593.2774047851562,34000200.0
2024-11-29,594.0997341515284,597.7555217105382,593.8223618450431,596.9629516601562,30177400.0
2024-12-02,597.3790448477079,598.7165635076802,596.8836810038409,598.032958984375,31746000.0
2024-12-03,597.7951044978051,598.5579235840632,596.7548526753004,598.3102416992188,26906600.0
2024-12-04,600.0143670916415,602.273194597734,599.3406795733608,602.0255126953125,42787600.0
2024-12-05,602.0255176569135,602.8379215598571,600.6781426092477,601.0347900390625,28762200.0
2024-12-06,601.80756893048,603.4224597376833,601.3914802745837,602.1741333007812,31241500.0
2024-12-09,602.0552196801261,602.2236264301217,598.4787077823735,599.0731201171875,34742700.0
2024-12-10,599.7568097134952,600.1828153588143,596.5468617112069,597.2106323242188,37234500.0
2024-12-11,600.162977513686,602.7883692976188,599.8855447683401,601.827392578125,28677700.0
2024-12-12,600.9555775780522,601.5301560606846,598.7264404296875,598.7264404296875,31543800.0
2024-12-13,600.777301060768,601.5005129311277,597.2205620137203,598.6076049804688,35904700.0
2024-12-16,600.3809211894165,602.1444453296839,599.5982681600832,601.16357421875,43695200.0
2024-12-17,598.5877190044964,599.5586127152293,597.2997852012516,598.686767578125,55773500.0
2024-12-18,598.3796413211339,600.7871021522338,580.4574127554304,580.8438110351562,108248700.0
2024-12-19,585.8766419728512,587.5014497021764,580.4177233806457,580.6654052734375,85919500.0
2024-12-20,578.3155242409914,592.2124929094322,577.4605847282822,587.6398315429688,125716700.0
2024-12-23,587.3813894981963,591.7651768174416,584.170527544758,591.1588134765625,57635800.0
2024-12-24,592.5206773116818,597.7693545388469,591.9341539525126,597.7295532226562,33160100.0
2024-12-26,595.9402471287322,598.9025328618192,594.5286958920398,597.7693481445312,41219100.0
2024-12-27,593.9918131022456,594.2304389583717,587.2521039804407,591.4768676757812,64969300.0
2024-12-30,584.3991760465713,588.2262908200153,580.9397987194927,584.7271728515625,56578800.0
2024-12-31,586.4071285917476,587.1328351597793,580.949737539049,582.5999145507812,57052700.0
